marker,chrom,pos
Muscat_CM,chr05,4062044
Muscat_CT,chr05,4061806
P1_1_7679179_1002_VariantMasked,chr02,5068888
P1_1_7687844_1002_VariantMasked,chr02,5062632
P1_apt3_7641402_1002_VariantMasked,chr02,5074924
P2_INP1_7819486_1002_VariantMasked,chr02,4949627
REN4_PsGc31_1268945_1269945,chr08,12581166
REN4_PsGc31_1387489_1388489,chr18,35120616
REN4_PsGc31_555062_556062,chr18,34135737
rh_chr1_10143990,chr01,10087616
rh_chr1_10197542,chr01,10141108
rh_chr1_10270991,chr01,10214574
rh_chr1_10327568,chr01,10271205
rh_chr1_10502666,chr01,10455471
rh_chr1_1060803,chr01,1049416
rh_chr1_10608149,chr01,10560797
rh_chr1_10668596,chr01,10621020
rh_chr1_10871127,chr01,10828008
rh_chr1_11081651,chr01,11038354
rh_chr1_11409494,chr01,11365884
rh_chr1_1170229,chr01,1140710
rh_chr1_11721015,chr01,11657832
rh_chr1_11933074,chr01,11870063
rh_chr1_12209767,chr01,12142706
rh_chr1_12424864,chr01,12356248
rh_chr1_12562013,chr01,12493327
rh_chr1_12633525,chr01,12565742
rh_chr1_12754531,chr01,12666078
rh_chr1_12827804,chr01,12739314
rh_chr1_12892148,chr01,12803646
rh_chr1_12994384,chr01,12907415
rh_chr1_1304008,chr01,1265000
rh_chr1_13061028,chr01,12974137
rh_chr1_13380398,chr01,13305448
rh_chr1_13579877,chr01,13107362
rh_chr1_1400565,chr01,1361620
rh_chr1_14682355,chr01,13761095
rh_chr1_14789269,chr01,13652144
rh_chr1_1482273,chr01,1441962
rh_chr1_15601127,chr01,19186510
rh_chr1_1623606,chr01,1583376
rh_chr1_16657949,chr01,20241866
rh_chr1_16914460,chr01,20492036
rh_chr1_17053165,chr01,20630864
rh_chr1_17438406,chr01,21014584
rh_chr1_17642169,chr01,21217962
rh_chr1_17835220,chr01,21411247
rh_chr1_18659545,chr01,22225654
rh_chr1_18751108,chr01,22316420
rh_chr1_1879893,chr01,1839399
rh_chr1_18877141,chr01,22437610
rh_chr1_19421864,chr01,22984146
rh_chr1_19567235,chr01,23114578
rh_chr1_19658817,chr01,23206078
rh_chr1_19775332,chr01,23322055
rh_chr1_1999515,chr01,1959058
rh_chr1_20000089,chr01,23546829
rh_chr1_20297007,chr01,23847020
rh_chr1_20434288,chr01,23984240
rh_chr1_20624760,chr01,24168496
rh_chr1_20722844,chr01,24266422
rh_chr1_20843669,chr01,24387358
rh_chr1_20914451,chr01,24458004
rh_chr1_20986109,chr01,24529718
rh_chr1_21185705,chr01,24729406
rh_chr1_21277450,chr01,24820377
rh_chr1_2145831,chr01,2106048
rh_chr1_21821786,chr01,25357219
rh_chr1_21945869,chr01,25480690
rh_chr1_22123159,chr01,25659262
rh_chr1_22193391,chr01,25729272
rh_chr1_22284028,chr01,25820024
rh_chr1_22352558,chr01,25886133
rh_chr1_22424733,chr01,25958276
rh_chr1_22582321,chr01,26115892
rh_chr1_22701079,chr01,26234681
rh_chr1_22874519,chr01,26424501
rh_chr1_22974826,chr01,26524925
rh_chr1_23051638,chr01,26601719
rh_chr1_2306205,chr01,2265211
rh_chr1_23108100,chr01,26658150
rh_chr1_23329538,chr01,26877766
rh_chr1_23665313,chr01,27238254
rh_chr1_23733091,chr01,27306045
rh_chr1_23872484,chr01,27445346
rh_chr1_24215944,chr01,27788822
rh_chr1_2424927,chr01,2384046
rh_chr1_2618562,chr01,2577582
rh_chr1_268616,chr01,263248
rh_chr1_2718543,chr01,2677534
rh_chr1_2822616,chr01,2781082
rh_chr1_2955463,chr01,2913710
rh_chr1_3008587,chr01,2966940
rh_chr1_3077430,chr01,3035452
rh_chr1_3142598,chr01,3100650
rh_chr1_3325315,chr01,3282755
rh_chr1_334737,chr01,329439
rh_chr1_3523735,chr01,3481846
rh_chr1_3758335,chr01,3716202
rh_chr1_3875541,chr01,3833574
rh_chr1_3959025,chr01,3919488
rh_chr1_4330482,chr01,4291652
rh_chr1_443667,chr01,438310
rh_chr1_4445423,chr01,4406530
rh_chr1_4517681,chr01,4478494
rh_chr1_4613003,chr01,4573746
rh_chr1_4681418,chr01,4642062
rh_chr1_4913189,chr01,4876662
rh_chr1_5045973,chr01,5009666
rh_chr1_5191317,chr01,5154704
rh_chr1_5368350,chr01,5331614
rh_chr1_547952,chr01,544389
rh_chr1_5610096,chr01,5561220
rh_chr1_5702431,chr01,5653744
rh_chr1_5782424,chr01,5735962
rh_chr1_5860561,chr01,5812966
rh_chr1_5940848,chr01,5893372
rh_chr1_6034925,chr01,5993486
rh_chr1_6215954,chr01,6174728
rh_chr1_631086,chr01,627268
rh_chr1_6320667,chr01,6280109
rh_chr1_6615924,chr01,6574739
rh_chr1_6763976,chr01,6722740
rh_chr1_6875844,chr01,6834696
rh_chr1_6966756,chr01,6925534
rh_chr1_7092210,chr01,7047050
rh_chr1_7243488,chr01,7198194
rh_chr1_7377641,chr01,7330298
rh_chr1_741516,chr01,737678
rh_chr1_7478412,chr01,7430958
rh_chr1_7567870,chr01,7520458
rh_chr1_7643877,chr01,7595780
rh_chr1_7710739,chr01,7663597
rh_chr1_8017533,chr01,7969722
rh_chr1_8217621,chr01,8171368
rh_chr1_8371555,chr01,8323772
rh_chr1_8477332,chr01,8429585
rh_chr1_9063579,chr01,9014776
rh_chr1_9183554,chr01,9134182
rh_chr1_9254255,chr01,9204786
rh_chr1_9320212,chr01,9270836
rh_chr1_93619,chr01,89866
rh_chr1_9388753,chr01,9339350
rh_chr1_9696161,chr01,9641596
rh_chr1_9762687,chr01,9708107
rh_chr1_9997807,chr01,9943323
rh_chr10_1013557,chr10,1116975
rh_chr10_10237641,chr10,11740817
rh_chr10_10334806,chr10,11837921
rh_chr10_10475020,chr10,11978043
rh_chr10_10547760,chr10,12050864
rh_chr10_10653854,chr10,12153359
rh_chr10_10923726,chr10,12423262
rh_chr10_1111687,chr10,1205426
rh_chr10_11157943,chr10,12657419
rh_chr10_11300534,chr10,12793824
rh_chr10_11353255,chr10,12848017
rh_chr10_11408804,chr10,12903573
rh_chr10_11485987,chr10,12980630
rh_chr10_11643043,chr10,13136105
rh_chr10_1174215,chr10,1264215
rh_chr10_11863766,chr10,13461044
rh_chr10_11919133,chr10,13405680
rh_chr10_12409898,chr10,13922179
rh_chr10_12464008,chr10,13964310
rh_chr10_12605914,chr10,14105956
rh_chr10_1265993,chr10,1365550
rh_chr10_13394270,chr10,14871413
rh_chr10_14200734,chr10,15668196
rh_chr10_1430660,chr10,1306622
rh_chr10_14341231,chr10,15807887
rh_chr10_15341739,chr10,16811012
rh_chr10_15601492,chr10,17067969
rh_chr10_15747189,chr10,17213494
rh_chr10_16851267,chr10,18786576
rh_chr10_16979798,chr10,18914728
rh_chr10_17170708,chr10,19103320
rh_chr10_17335086,chr10,19233799
rh_chr10_19292145,chr10,23244060
rh_chr10_19677254,chr10,23628936
rh_chr10_19925824,chr10,23877364
rh_chr10_20484984,chr10,24435202
rh_chr10_20553231,chr10,24503634
rh_chr10_21059800,chr10,25017402
rh_chr10_21760871,chr10,25754304
rh_chr10_23054800,chr10,27032458
rh_chr10_23315732,chr10,27293627
rh_chr10_23440244,chr10,27418658
rh_chr10_241961,chr10,385036
rh_chr10_2469486,chr10,2575832
rh_chr10_2600993,chr10,2706543
rh_chr10_2803328,chr10,3037776
rh_chr10_2983812,chr10,3283370
rh_chr10_3426575,chr10,4948395
rh_chr10_3540296,chr10,4837361
rh_chr10_3690372,chr10,5028336
rh_chr10_370298,chr10,511288
rh_chr10_4005129,chr10,5224480
rh_chr10_4207807,chr10,5993651
rh_chr10_423938,chr10,564919
rh_chr10_4427721,chr10,5890278
rh_chr10_4503995,chr10,5593144
rh_chr10_4623373,chr10,5916411
rh_chr10_4847719,chr10,6407096
rh_chr10_4950540,chr10,6504338
rh_chr10_5055530,chr10,6609360
rh_chr10_508428,chr10,648530
rh_chr10_5150628,chr10,6704372
rh_chr10_5247875,chr10,6800041
rh_chr10_5381836,chr10,6933556
rh_chr10_5443410,chr10,6995292
rh_chr10_5618563,chr10,7165732
rh_chr10_5930341,chr10,7480192
rh_chr10_6030347,chr10,7572016
rh_chr10_6111686,chr10,7653340
rh_chr10_6200947,chr10,7742664
rh_chr10_6333960,chr10,7876348
rh_chr10_6407241,chr10,7948750
rh_chr10_650959,chr10,787921
rh_chr10_6523776,chr10,8065202
rh_chr10_6654857,chr10,8190025
rh_chr10_6732153,chr10,8263236
rh_chr10_7345058,chr10,8862100
rh_chr10_7398537,chr10,8915026
rh_chr10_7537254,chr10,9050272
rh_chr10_7930703,chr10,9443420
rh_chr10_8038057,chr10,9556577
rh_chr10_8299491,chr10,9818221
rh_chr10_8422060,chr10,9940493
rh_chr10_8528547,chr10,10046891
rh_chr10_8618080,chr10,10136284
rh_chr10_874103,chr10,997878
rh_chr10_8787351,chr10,10303941
rh_chr10_8893209,chr10,10409884
rh_chr10_9014261,chr10,10531199
rh_chr10_9215683,chr10,10729781
rh_chr10_939355,chr10,1047205
rh_chr10_9467495,chr10,10983929
rh_chr10_9745840,chr10,11262230
rh_chr11_10089836,chr11,9946206
rh_chr11_1025585,chr11,1025591
rh_chr11_1117973,chr11,1117992
rh_chr11_1183569,chr11,1183218
rh_chr11_12164303,chr11,11995643
rh_chr11_12314680,chr11,12145482
rh_chr11_13254270,chr11,13092463
rh_chr11_13356997,chr11,13193742
rh_chr11_1343142,chr11,1342116
rh_chr11_14358918,chr11,14321590
rh_chr11_1442687,chr11,1441656
rh_chr11_14828475,chr11,14790986
rh_chr11_15149608,chr11,15111176
rh_chr11_15913394,chr11,15870868
rh_chr11_16272381,chr11,16226106
rh_chr11_1672438,chr11,1671330
rh_chr11_16886199,chr11,16838448
rh_chr11_16949037,chr11,16901338
rh_chr11_17060668,chr11,17015496
rh_chr11_17184199,chr11,17138106
rh_chr11_17337960,chr11,17289684
rh_chr11_17457569,chr11,17409122
rh_chr11_17611360,chr11,17561952
rh_chr11_17767859,chr11,17718370
rh_chr11_17987786,chr11,17934661
rh_chr11_18204712,chr11,18151977
rh_chr11_18357178,chr11,18287018
rh_chr11_18433819,chr11,18363711
rh_chr11_1857249,chr11,1856154
rh_chr11_18646367,chr11,18575947
rh_chr11_18708021,chr11,18637454
rh_chr11_18836141,chr11,18765662
rh_chr11_18910740,chr11,18840110
rh_chr11_19533500,chr11,19461779
rh_chr11_19712713,chr11,19637034
rh_chr11_19766239,chr11,19690608
rh_chr11_1985173,chr11,1983126
rh_chr11_19978651,chr11,19897380
rh_chr11_20115217,chr11,20033950
rh_chr11_2065555,chr11,2063472
rh_chr11_2216980,chr11,2214792
rh_chr11_2406678,chr11,2395401
rh_chr11_2515310,chr11,2503919
rh_chr11_255751,chr11,257245
rh_chr11_2610292,chr11,2598430
rh_chr11_2737838,chr11,2725991
rh_chr11_2808288,chr11,2796246
rh_chr11_2977354,chr11,2960390
rh_chr11_3112858,chr11,3096013
rh_chr11_3189542,chr11,3172718
rh_chr11_3263224,chr11,3246322
rh_chr11_3395372,chr11,3378391
rh_chr11_3580540,chr11,3564019
rh_chr11_3749132,chr11,3730392
rh_chr11_3807804,chr11,3789030
rh_chr11_386863,chr11,387888
rh_chr11_3938527,chr11,3919671
rh_chr11_4000176,chr11,3980974
rh_chr11_4081344,chr11,4061697
rh_chr11_4254847,chr11,4232407
rh_chr11_4359180,chr11,4336130
rh_chr11_4501448,chr11,4478182
rh_chr11_46057,chr11,58498
rh_chr11_4657459,chr11,4633023
rh_chr11_4738446,chr11,4714129
rh_chr11_4833197,chr11,4808994
rh_chr11_4899312,chr11,4875568
rh_chr11_5052504,chr11,5028812
rh_chr11_5215446,chr11,5191920
rh_chr11_5357281,chr11,5333614
rh_chr11_542859,chr11,543416
rh_chr11_5465467,chr11,5439222
rh_chr11_5534517,chr11,5506792
rh_chr11_5792931,chr11,5772694
rh_chr11_601198,chr11,601668
rh_chr11_6139019,chr11,6107040
rh_chr11_6276211,chr11,6244302
rh_chr11_6379656,chr11,6339554
rh_chr11_6612094,chr11,6571964
rh_chr11_6821881,chr11,6807552
rh_chr11_691194,chr11,691700
rh_chr11_6956387,chr11,6941339
rh_chr11_7093931,chr11,7078736
rh_chr11_7329819,chr11,7289178
rh_chr11_7449768,chr11,7330780
rh_chr11_7588838,chr11,7508513
rh_chr11_7656746,chr11,7560300
rh_chr11_7713575,chr11,7625578
rh_chr11_803595,chr11,806129
rh_chr11_8109770,chr11,7987064
rh_chr11_8194452,chr11,8071725
rh_chr11_8650142,chr11,8527128
rh_chr11_9648408,chr11,9532010
rh_chr11_9798821,chr11,9659550
rh_chr12_10018038,chr12,10179394
rh_chr12_1089461,chr12,1113511
rh_chr12_1146523,chr12,1170636
rh_chr12_115867,chr12,128828
rh_chr12_1266582,chr12,1289914
rh_chr12_13428533,chr12,13822670
rh_chr12_13578193,chr12,13971918
rh_chr12_1368028,chr12,1392038
rh_chr12_14587489,chr12,15025622
rh_chr12_1524783,chr12,1548197
rh_chr12_15428839,chr12,15870712
rh_chr12_16421448,chr12,16857897
rh_chr12_1709224,chr12,1728851
rh_chr12_17156423,chr12,17594180
rh_chr12_17261181,chr12,17694369
rh_chr12_173874,chr12,186752
rh_chr12_1818274,chr12,1838122
rh_chr12_18628428,chr12,19047256
rh_chr12_18779599,chr12,19198636
rh_chr12_19037725,chr12,19459258
rh_chr12_19467018,chr12,19880775
rh_chr12_19528528,chr12,19943325
rh_chr12_19783710,chr12,20199649
rh_chr12_20018956,chr12,20429029
rh_chr12_20361061,chr12,20776920
rh_chr12_20594460,chr12,21009226
rh_chr12_2066524,chr12,2086046
rh_chr12_20990376,chr12,21423518
rh_chr12_21100305,chr12,21531432
rh_chr12_2121248,chr12,2140884
rh_chr12_21712346,chr12,22145217
rh_chr12_21873473,chr12,22306380
rh_chr12_21952129,chr12,22387009
rh_chr12_22049998,chr12,22484975
rh_chr12_22115627,chr12,22550538
rh_chr12_22200448,chr12,22633344
rh_chr12_22346427,chr12,22780782
rh_chr12_22430141,chr12,22869246
rh_chr12_22516082,chr12,22954056
rh_chr12_22586794,chr12,23024811
rh_chr12_2305412,chr12,2321408
rh_chr12_23364307,chr12,23803170
rh_chr12_23431894,chr12,23870626
rh_chr12_23504918,chr12,23943207
rh_chr12_23572750,chr12,24010997
rh_chr12_23628466,chr12,24064118
rh_chr12_2378838,chr12,2394864
rh_chr12_23834651,chr12,24267374
rh_chr12_23915621,chr12,24348430
rh_chr12_23999415,chr12,24432272
rh_chr12_24104070,chr12,24529050
rh_chr12_2439647,chr12,2456628
rh_chr12_2673100,chr12,2689968
rh_chr12_2966354,chr12,2983676
rh_chr12_3036761,chr12,3054062
rh_chr12_3116725,chr12,3133889
rh_chr12_3218920,chr12,3235593
rh_chr12_3325270,chr12,3341928
rh_chr12_3478868,chr12,3504664
rh_chr12_390468,chr12,414994
rh_chr12_3962172,chr12,3966847
rh_chr12_5074355,chr12,5129156
rh_chr12_5164930,chr12,5219726
rh_chr12_521695,chr12,545930
rh_chr12_5293702,chr12,5346825
rh_chr12_5418237,chr12,5459245
rh_chr12_5533572,chr12,5575222
rh_chr12_5598767,chr12,5640488
rh_chr12_5638,chr12,19164
rh_chr12_5985351,chr12,6026478
rh_chr12_6104436,chr12,6146727
rh_chr12_6184851,chr12,6226592
rh_chr12_6325821,chr12,6367204
rh_chr12_634102,chr12,657823
rh_chr12_6691567,chr12,6732254
rh_chr12_6822792,chr12,6863323
rh_chr12_7053640,chr12,7092042
rh_chr12_7220783,chr12,7259240
rh_chr12_7374050,chr12,7412428
rh_chr12_7525515,chr12,7564804
rh_chr12_8048809,chr12,8204738
rh_chr12_8142405,chr12,8298227
rh_chr12_844914,chr12,868961
rh_chr12_8493396,chr12,8648708
rh_chr12_8801535,chr12,8959728
rh_chr12_8872106,chr12,9030607
rh_chr12_8944870,chr12,9103464
rh_chr12_9605397,chr12,9766566
rh_chr12_9691021,chr12,9852184
rh_chr12_9898269,chr12,10059854
rh_chr12_996164,chr12,1020170
rh_chr13_1211616,chr13,1203820
rh_chr13_12896153,chr13,12511746
rh_chr13_1298235,chr13,1290012
rh_chr13_13390889,chr13,14329304
rh_chr13_13501864,chr13,14434120
rh_chr13_13607473,chr13,14539353
rh_chr13_1426203,chr13,1417934
rh_chr13_14338425,chr13,15240130
rh_chr13_14382284,chr13,15284013
rh_chr13_15056202,chr13,15955158
rh_chr13_15266603,chr13,16164081
rh_chr13_15347566,chr13,16245006
rh_chr13_15736455,chr13,16633930
rh_chr13_15853306,chr13,16750292
rh_chr13_16075743,chr13,16972150
rh_chr13_16250951,chr13,17146390
rh_chr13_16320948,chr13,17215032
rh_chr13_1635674,chr13,1626894
rh_chr13_16754260,chr13,17650905
rh_chr13_16925901,chr13,17821680
rh_chr13_17048700,chr13,17946862
rh_chr13_17540391,chr13,18427574
rh_chr13_1759677,chr13,1749942
rh_chr13_17682842,chr13,18569740
rh_chr13_18218422,chr13,19105346
rh_chr13_18487980,chr13,19375110
rh_chr13_18789364,chr13,19511224
rh_chr13_19058179,chr13,19777788
rh_chr13_19736524,chr13,20679903
rh_chr13_1994792,chr13,1985034
rh_chr13_20576036,chr13,22554710
rh_chr13_20797965,chr13,22335515
rh_chr13_2110146,chr13,2100616
rh_chr13_22005655,chr13,22928922
rh_chr13_22173380,chr13,23095926
rh_chr13_22226946,chr13,23149514
rh_chr13_22281023,chr13,23203604
rh_chr13_2230274,chr13,2221936
rh_chr13_22372308,chr13,23295041
rh_chr13_22435936,chr13,23358362
rh_chr13_22768514,chr13,23687979
rh_chr13_22851098,chr13,23770384
rh_chr13_2381644,chr13,2372892
rh_chr13_24359445,chr13,25282448
rh_chr13_24703210,chr13,25642440
rh_chr13_24958287,chr13,25902820
rh_chr13_25013004,chr13,25957474
rh_chr13_25145371,chr13,26091016
rh_chr13_25280719,chr13,26217027
rh_chr13_2530757,chr13,2515750
rh_chr13_25721137,chr13,26470436
rh_chr13_25788278,chr13,26537580
rh_chr13_2595348,chr13,2581684
rh_chr13_26962710,chr13,27723674
rh_chr13_2714257,chr13,2700657
rh_chr13_27199006,chr13,27955246
rh_chr13_27413917,chr13,28160896
rh_chr13_27586684,chr13,28333499
rh_chr13_27714695,chr13,28463818
rh_chr13_27796053,chr13,28545032
rh_chr13_27884063,chr13,28632578
rh_chr13_27978882,chr13,28727370
rh_chr13_28033719,chr13,28782288
rh_chr13_28096981,chr13,28840133
rh_chr13_28631883,chr13,29377384
rh_chr13_28689372,chr13,29434999
rh_chr13_28775418,chr13,29522445
rh_chr13_2882630,chr13,2868548
rh_chr13_28855433,chr13,29613538
rh_chr13_28928847,chr13,29680378
rh_chr13_29070085,chr13,29822464
rh_chr13_2994658,chr13,2983020
rh_chr13_305162,chr13,313575
rh_chr13_3148270,chr13,3134955
rh_chr13_3257266,chr13,3243969
rh_chr13_3335044,chr13,3321622
rh_chr13_3469326,chr13,3456375
rh_chr13_3578143,chr13,3565640
rh_chr13_3640676,chr13,3628278
rh_chr13_3748786,chr13,3736448
rh_chr13_3813814,chr13,3801346
rh_chr13_393712,chr13,402090
rh_chr13_4021260,chr13,4004684
rh_chr13_507206,chr13,514340
rh_chr13_5238141,chr13,5219004
rh_chr13_5314918,chr13,5295609
rh_chr13_54877,chr13,72630
rh_chr13_5493926,chr13,5473681
rh_chr13_5625117,chr13,5604934
rh_chr13_5766649,chr13,5745709
rh_chr13_5863106,chr13,5842062
rh_chr13_5949531,chr13,5928524
rh_chr13_6033227,chr13,6013381
rh_chr13_6119963,chr13,6099842
rh_chr13_6402644,chr13,6383008
rh_chr13_6540716,chr13,6522139
rh_chr13_6660218,chr13,6642154
rh_chr13_6867117,chr13,6847592
rh_chr13_688776,chr13,695852
rh_chr13_6988041,chr13,6968312
rh_chr13_7054877,chr13,7034582
rh_chr13_7182717,chr13,7162404
rh_chr13_7620093,chr13,7763458
rh_chr13_7734187,chr13,7877082
rh_chr13_7923799,chr13,8128782
rh_chr13_8083875,chr13,8288752
rh_chr13_8192631,chr13,8396085
rh_chr13_8308812,chr13,8505146
rh_chr13_8471812,chr13,8668129
rh_chr13_851910,chr13,859008
rh_chr13_8681863,chr13,8876222
rh_chr13_8898279,chr13,9096459
rh_chr13_9125164,chr13,9323070
rh_chr13_965334,chr13,972230
rh_chr14_10135191,chr14,10130694
rh_chr14_10197424,chr14,10192840
rh_chr14_10290455,chr14,10285660
rh_chr14_10528514,chr14,10520569
rh_chr14_10743715,chr14,10735890
rh_chr14_1101250,chr14,1164704
rh_chr14_1159858,chr14,1223340
rh_chr14_11677439,chr14,11641431
rh_chr14_1242694,chr14,1305628
rh_chr14_12584178,chr14,12542190
rh_chr14_12730584,chr14,12688718
rh_chr14_13086548,chr14,13033260
rh_chr14_1309053,chr14,1372168
rh_chr14_13171276,chr14,13117958
rh_chr14_13378081,chr14,13323684
rh_chr14_14138039,chr14,14079856
rh_chr14_14229668,chr14,14162792
rh_chr14_14755965,chr14,14686752
rh_chr14_14863028,chr14,14793169
rh_chr14_1509565,chr14,1571776
rh_chr14_15714242,chr14,15637071
rh_chr14_15875843,chr14,15799162
rh_chr14_1593532,chr14,1656561
rh_chr14_16000806,chr14,15923047
rh_chr14_16067239,chr14,15989398
rh_chr14_16253640,chr14,16175824
rh_chr14_16490288,chr14,16409950
rh_chr14_16652730,chr14,16579074
rh_chr14_17077376,chr14,17010258
rh_chr14_1714481,chr14,1776758
rh_chr14_17379596,chr14,17304494
rh_chr14_17450562,chr14,17374878
rh_chr14_17873209,chr14,17796526
rh_chr14_17999822,chr14,17921800
rh_chr14_1806350,chr14,1868594
rh_chr14_18215931,chr14,18141694
rh_chr14_18508828,chr14,18435214
rh_chr14_18776215,chr14,18702622
rh_chr14_18868775,chr14,18794822
rh_chr14_19103240,chr14,19029590
rh_chr14_19325226,chr14,19264040
rh_chr14_19429359,chr14,19367812
rh_chr14_19587909,chr14,19526249
rh_chr14_19715337,chr14,19653444
rh_chr14_20102426,chr14,20026250
rh_chr14_20174098,chr14,20098008
rh_chr14_2055250,chr14,2117444
rh_chr14_20629301,chr14,20548588
rh_chr14_20733951,chr14,20652400
rh_chr14_20859566,chr14,20777382
rh_chr14_21019303,chr14,20941624
rh_chr14_21080144,chr14,21002332
rh_chr14_21323785,chr14,21244876
rh_chr14_21577640,chr14,21500712
rh_chr14_21740224,chr14,21665057
rh_chr14_21821143,chr14,21745860
rh_chr14_21885849,chr14,21811202
rh_chr14_22118159,chr14,22038977
rh_chr14_22405745,chr14,22328164
rh_chr14_22568886,chr14,22491505
rh_chr14_22696262,chr14,22618852
rh_chr14_22889555,chr14,22806428
rh_chr14_22993902,chr14,22910823
rh_chr14_23056941,chr14,22973852
rh_chr14_23135090,chr14,23051896
rh_chr14_23255429,chr14,23172151
rh_chr14_23376067,chr14,23292228
rh_chr14_23452906,chr14,23368976
rh_chr14_23566639,chr14,23473181
rh_chr14_23657569,chr14,23563226
rh_chr14_23928157,chr14,23838653
rh_chr14_24137881,chr14,24046994
rh_chr14_24366988,chr14,24273194
rh_chr14_24462111,chr14,24367374
rh_chr14_24536812,chr14,24444088
rh_chr14_24617329,chr14,24524678
rh_chr14_24753252,chr14,24660339
rh_chr14_25156315,chr14,25063212
rh_chr14_25292543,chr14,25199498
rh_chr14_25365836,chr14,25271928
rh_chr14_25499021,chr14,25405566
rh_chr14_25568672,chr14,25475218
rh_chr14_257360,chr14,326588
rh_chr14_25763085,chr14,25668877
rh_chr14_25974508,chr14,26189262
rh_chr14_26071578,chr14,26286342
rh_chr14_26224717,chr14,26439461
rh_chr14_26404940,chr14,26618840
rh_chr14_26687062,chr14,26909664
rh_chr14_2673527,chr14,2727208
rh_chr14_26802285,chr14,27024496
rh_chr14_26877597,chr14,27099822
rh_chr14_26987507,chr14,27206340
rh_chr14_27088319,chr14,27304600
rh_chr14_27199117,chr14,27418969
rh_chr14_27294117,chr14,27514144
rh_chr14_2736359,chr14,2789794
rh_chr14_27425134,chr14,27645233
rh_chr14_27607541,chr14,27821111
rh_chr14_27729833,chr14,27943264
rh_chr14_27856994,chr14,28070314
rh_chr14_27926007,chr14,28139154
rh_chr14_28052199,chr14,28265375
rh_chr14_28292032,chr14,28504114
rh_chr14_28371145,chr14,28581878
rh_chr14_28521701,chr14,28731776
rh_chr14_28627512,chr14,28837530
rh_chr14_28696564,chr14,28906876
rh_chr14_28947831,chr14,29156567
rh_chr14_29138298,chr14,29347718
rh_chr14_29234849,chr14,29443813
rh_chr14_29335601,chr14,29543220
rh_chr14_29446606,chr14,29655717
rh_chr14_29574449,chr14,29782845
rh_chr14_29774895,chr14,29982096
rh_chr14_29979493,chr14,30176005
rh_chr14_30126656,chr14,30323100
rh_chr14_30203422,chr14,30399516
rh_chr14_3027635,chr14,3080666
rh_chr14_3099967,chr14,3152912
rh_chr14_3183108,chr14,3236113
rh_chr14_3303300,chr14,3356364
rh_chr14_3479410,chr14,3531902
rh_chr14_3580604,chr14,3617194
rh_chr14_360989,chr14,430052
rh_chr14_4228742,chr14,4258863
rh_chr14_4331688,chr14,4361608
rh_chr14_434513,chr14,499346
rh_chr14_4725743,chr14,4757872
rh_chr14_4805213,chr14,4837272
rh_chr14_4941220,chr14,4959128
rh_chr14_5687927,chr14,5708546
rh_chr14_594524,chr14,658362
rh_chr14_5966808,chr14,5971190
rh_chr14_6141335,chr14,6144616
rh_chr14_6208302,chr14,6211567
rh_chr14_6365842,chr14,6369694
rh_chr14_6495285,chr14,6496347
rh_chr14_6637137,chr14,6637773
rh_chr14_6768198,chr14,6768725
rh_chr14_6974992,chr14,6975868
rh_chr14_7174167,chr14,7175954
rh_chr14_726317,chr14,789831
rh_chr14_7296877,chr14,7298679
rh_chr14_7424804,chr14,7425764
rh_chr14_7510359,chr14,7506636
rh_chr14_7624685,chr14,7621768
rh_chr14_7715530,chr14,7712622
rh_chr14_7777740,chr14,7769443
rh_chr14_8308158,chr14,8299469
rh_chr14_836379,chr14,899666
rh_chr14_88562,chr14,159833
rh_chr14_8871788,chr14,8861016
rh_chr14_9896368,chr14,9892534
rh_chr14_994202,chr14,1057652
rh_chr15_10257839,chr15,13272640
rh_chr15_10407188,chr15,13421734
rh_chr15_10773666,chr15,13785606
rh_chr15_10851058,chr15,13863066
rh_chr15_1096801,chr15,1149664
rh_chr15_10990214,chr15,14002198
rh_chr15_11204418,chr15,14222873
rh_chr15_11421844,chr15,14437113
rh_chr15_11503363,chr15,14518086
rh_chr15_11792802,chr15,14807777
rh_chr15_12253375,chr15,15266430
rh_chr15_12844486,chr15,15877320
rh_chr15_13063122,chr15,16094637
rh_chr15_13642456,chr15,16664885
rh_chr15_13698923,chr15,16721438
rh_chr15_13822901,chr15,16845038
rh_chr15_14360708,chr15,17380574
rh_chr15_15160259,chr15,18178276
rh_chr15_15294725,chr15,18312686
rh_chr15_15355400,chr15,18373292
rh_chr15_15468122,chr15,18483510
rh_chr15_1547883,chr15,1601335
rh_chr15_15543151,chr15,18558320
rh_chr15_15843448,chr15,18859032
rh_chr15_15944126,chr15,18959710
rh_chr15_16000117,chr15,19016058
rh_chr15_16066225,chr15,19082162
rh_chr15_16221824,chr15,19239210
rh_chr15_16450847,chr15,19477957
rh_chr15_16551845,chr15,19578822
rh_chr15_16667790,chr15,19695792
rh_chr15_16737213,chr15,19765214
rh_chr15_16810432,chr15,19832824
rh_chr15_17076337,chr15,20099972
rh_chr15_17146098,chr15,20404669
rh_chr15_17224145,chr15,20482528
rh_chr15_17313670,chr15,20571933
rh_chr15_17418514,chr15,20676403
rh_chr15_177997,chr15,224806
rh_chr15_17991582,chr15,21245150
rh_chr15_18072427,chr15,21325942
rh_chr15_18166857,chr15,21420306
rh_chr15_18318476,chr15,21567912
rh_chr15_18408364,chr15,21657178
rh_chr15_18480191,chr15,21728990
rh_chr15_18688959,chr15,21937864
rh_chr15_18821643,chr15,22069186
rh_chr15_18931494,chr15,22169100
rh_chr15_19173163,chr15,22411438
rh_chr15_19261933,chr15,22500184
rh_chr15_1928239,chr15,1982160
rh_chr15_19600528,chr15,22846419
rh_chr15_19956945,chr15,23199034
rh_chr15_20158207,chr15,23400348
rh_chr15_2413245,chr15,2446040
rh_chr15_2868330,chr15,2903515
rh_chr15_2990680,chr15,3019716
rh_chr15_482675,chr15,529374
rh_chr15_5536174,chr15,6840268
rh_chr15_5694415,chr15,6997518
rh_chr15_6458112,chr15,9549013
rh_chr15_6901504,chr15,9934598
rh_chr15_6996975,chr15,10029977
rh_chr15_8267292,chr15,11302324
rh_chr15_8357773,chr15,11391578
rh_chr15_9562659,chr15,12574688
rh_chr15_9660835,chr15,12672764
rh_chr15_9799495,chr15,12814475
rh_chr15_9863712,chr15,12879602
rh_chr15_9993215,chr15,13008940
rh_chr16_10292798,chr16,14300158
rh_chr16_1067628,chr16,1055527
rh_chr16_11108000,chr16,13778439
rh_chr16_1148011,chr16,1136010
rh_chr16_12037326,chr16,15380477
rh_chr16_12698705,chr16,16039938
rh_chr16_12729188,chr16,16070603
rh_chr16_1341063,chr16,1330638
rh_chr16_13500169,chr16,16840661
rh_chr16_13647716,chr16,16988211
rh_chr16_14056705,chr16,17385062
rh_chr16_14617522,chr16,17904582
rh_chr16_14911808,chr16,18199391
rh_chr16_14964416,chr16,18251942
rh_chr16_15611288,chr16,18898672
rh_chr16_15708354,chr16,18994366
rh_chr16_15813994,chr16,19100007
rh_chr16_16216489,chr16,19502801
rh_chr16_16435327,chr16,19720640
rh_chr16_17156812,chr16,20429765
rh_chr16_1727633,chr16,1714826
rh_chr16_17330464,chr16,20603053
rh_chr16_1806434,chr16,1793398
rh_chr16_18232369,chr16,21537656
rh_chr16_19027656,chr16,22456750
rh_chr16_19266135,chr16,22695070
rh_chr16_19529525,chr16,22956795
rh_chr16_19830398,chr16,23275440
rh_chr16_19924082,chr16,23368766
rh_chr16_20248493,chr16,23695259
rh_chr16_20304713,chr16,23750596
rh_chr16_20476615,chr16,23922341
rh_chr16_20666264,chr16,24102024
rh_chr16_20724188,chr16,24159874
rh_chr16_20813029,chr16,24254516
rh_chr16_20908774,chr16,24350048
rh_chr16_20978919,chr16,24419136
rh_chr16_21094017,chr16,24534286
rh_chr16_21189350,chr16,24630691
rh_chr16_2212134,chr16,2183364
rh_chr16_22246438,chr16,26272149
rh_chr16_22482333,chr16,26506001
rh_chr16_22580044,chr16,26603620
rh_chr16_22676335,chr16,26698771
rh_chr16_226853,chr16,234046
rh_chr16_22751612,chr16,26773609
rh_chr16_22811338,chr16,26833237
rh_chr16_22877339,chr16,26900049
rh_chr16_23084690,chr16,27107422
rh_chr16_23164495,chr16,27187136
rh_chr16_23327502,chr16,27349525
rh_chr16_23486995,chr16,27508272
rh_chr16_2376878,chr16,2348051
rh_chr16_3007610,chr16,2984418
rh_chr16_3077015,chr16,3053057
rh_chr16_3142469,chr16,3117908
rh_chr16_335665,chr16,342828
rh_chr16_3648,chr16,8077
rh_chr16_388379,chr16,395500
rh_chr16_4758085,chr16,3875176
rh_chr16_4903556,chr16,4034839
rh_chr16_5070029,chr16,4197185
rh_chr16_5309992,chr16,4436690
rh_chr16_5362647,chr16,4489018
rh_chr16_5479328,chr16,4605316
rh_chr16_596324,chr16,598758
rh_chr16_6018898,chr16,5145068
rh_chr16_6070066,chr16,5196185
rh_chr16_6589347,chr16,5686660
rh_chr16_6693016,chr16,5789856
rh_chr16_843485,chr16,836694
rh_chr16_8776259,chr16,7870672
rh_chr16_8807936,chr16,7889198
rh_chr16_911072,chr16,904327
rh_chr16_9592553,chr16,8688868
rh_chr16_976496,chr16,965223
rh_chr16_9817859,chr16,8913440
rh_chr17_10013916,chr17,10286394
rh_chr17_1026884,chr17,1351247
rh_chr17_10298694,chr17,10571245
rh_chr17_10369486,chr17,10642186
rh_chr17_10746329,chr17,11018810
rh_chr17_1114348,chr17,1438618
rh_chr17_11268517,chr17,11533530
rh_chr17_11747237,chr17,12023856
rh_chr17_11961661,chr17,12238505
rh_chr17_12164305,chr17,12428871
rh_chr17_12220808,chr17,12485625
rh_chr17_12330680,chr17,12596313
rh_chr17_1237387,chr17,1561951
rh_chr17_12396147,chr17,12658978
rh_chr17_12640993,chr17,12899735
rh_chr17_13928628,chr17,14925010
rh_chr17_13991916,chr17,14988356
rh_chr17_1413957,chr17,1739838
rh_chr17_141521,chr17,478332
rh_chr17_15046000,chr17,16800074
rh_chr17_15672031,chr17,17498422
rh_chr17_1629617,chr17,1955090
rh_chr17_16303050,chr17,18124112
rh_chr17_16552770,chr17,18367924
rh_chr17_16814803,chr17,18663079
rh_chr17_17076170,chr17,18924898
rh_chr17_17142778,chr17,18991246
rh_chr17_17291745,chr17,19142469
rh_chr17_1756458,chr17,2079722
rh_chr17_17582924,chr17,19428449
rh_chr17_17744746,chr17,19585948
rh_chr17_17955492,chr17,19796194
rh_chr17_18015932,chr17,19857074
rh_chr17_1846156,chr17,2169425
rh_chr17_203321,chr17,540280
rh_chr17_2051197,chr17,2374459
rh_chr17_2143741,chr17,2448792
rh_chr17_2242880,chr17,2558287
rh_chr17_2331425,chr17,2646738
rh_chr17_2386884,chr17,2703524
rh_chr17_2443257,chr17,2758406
rh_chr17_2504924,chr17,2819806
rh_chr17_287812,chr17,624747
rh_chr17_3018336,chr17,3308036
rh_chr17_3492286,chr17,3776222
rh_chr17_3672966,chr17,3956380
rh_chr17_394787,chr17,731472
rh_chr17_4131742,chr17,4416418
rh_chr17_4205195,chr17,4490224
rh_chr17_4287538,chr17,4563028
rh_chr17_4418396,chr17,4694148
rh_chr17_4524306,chr17,4800022
rh_chr17_4615128,chr17,4890425
rh_chr17_4713215,chr17,4988624
rh_chr17_4889129,chr17,5165118
rh_chr17_4966290,chr17,5241972
rh_chr17_5060931,chr17,5325484
rh_chr17_5258199,chr17,5524899
rh_chr17_5357866,chr17,5624308
rh_chr17_5447096,chr17,5712269
rh_chr17_5583408,chr17,5846306
rh_chr17_565468,chr17,900832
rh_chr17_5707009,chr17,5971354
rh_chr17_5893163,chr17,6157608
rh_chr17_5999935,chr17,6264130
rh_chr17_6121150,chr17,6385478
rh_chr17_6207888,chr17,6472224
rh_chr17_6279609,chr17,6543768
rh_chr17_640103,chr17,974828
rh_chr17_6429775,chr17,6693360
rh_chr17_6553174,chr17,6816566
rh_chr17_6623514,chr17,6886348
rh_chr17_6745403,chr17,7007848
rh_chr17_6981014,chr17,7245432
rh_chr17_7134878,chr17,7388117
rh_chr17_7192642,chr17,7445854
rh_chr17_7292907,chr17,7550518
rh_chr17_7355598,chr17,7613160
rh_chr17_7609398,chr17,7876153
rh_chr17_765729,chr17,1089590
rh_chr17_7695724,chr17,7962660
rh_chr17_7780366,chr17,8047420
rh_chr17_8069497,chr17,8335582
rh_chr17_8226581,chr17,8492134
rh_chr17_8307596,chr17,8577148
rh_chr17_8539748,chr17,8807341
rh_chr17_8608505,chr17,8876472
rh_chr17_8686547,chr17,8954501
rh_chr17_8750761,chr17,9018745
rh_chr17_888795,chr17,1212881
rh_chr17_8934947,chr17,9201879
rh_chr17_9005479,chr17,9272420
rh_chr17_9197188,chr17,9464089
rh_chr17_9353710,chr17,9621809
rh_chr17_9692661,chr17,9962126
rh_chr17_9938493,chr17,10210980
rh_chr18_10227176,chr18,10190212
rh_chr18_10304487,chr18,10267554
rh_chr18_10584610,chr18,10536568
rh_chr18_10762383,chr18,10713250
rh_chr18_10907482,chr18,10857078
rh_chr18_11045227,chr18,10994144
rh_chr18_11215764,chr18,11164730
rh_chr18_11286900,chr18,11235232
rh_chr18_11350114,chr18,11298336
rh_chr18_11419262,chr18,11367452
rh_chr18_1143128,chr18,1177528
rh_chr18_11482876,chr18,11431078
rh_chr18_11553491,chr18,11501376
rh_chr18_11614594,chr18,11562540
rh_chr18_12999959,chr18,12935466
rh_chr18_13105502,chr18,13040938
rh_chr18_13389611,chr18,13308282
rh_chr18_13446367,chr18,13365052
rh_chr18_1355284,chr18,1389558
rh_chr18_13686865,chr18,13605414
rh_chr18_13786964,chr18,13705382
rh_chr18_13860028,chr18,13778422
rh_chr18_14135632,chr18,14194638
rh_chr18_14215513,chr18,14274026
rh_chr18_14491995,chr18,14537600
rh_chr18_14551153,chr18,14596744
rh_chr18_14734468,chr18,14779766
rh_chr18_14788154,chr18,14833526
rh_chr18_14846541,chr18,14892118
rh_chr18_1535599,chr18,1569640
rh_chr18_1680517,chr18,1713866
rh_chr18_17295477,chr18,17802765
rh_chr18_17449458,chr18,17956442
rh_chr18_1782705,chr18,1816134
rh_chr18_18048055,chr18,18557226
rh_chr18_18227410,chr18,18732554
rh_chr18_18521209,chr18,19027429
rh_chr18_2022059,chr18,2052544
rh_chr18_20579251,chr18,22632452
rh_chr18_20761725,chr18,22815992
rh_chr18_2200869,chr18,2223976
rh_chr18_22082943,chr18,23488438
rh_chr18_22144736,chr18,23550138
rh_chr18_22284854,chr18,23690408
rh_chr18_22372187,chr18,23777442
rh_chr18_22455321,chr18,23860632
rh_chr18_22586109,chr18,23991175
rh_chr18_22656666,chr18,24061976
rh_chr18_227536,chr18,236372
rh_chr18_22829291,chr18,24234616
rh_chr18_2286800,chr18,2309950
rh_chr18_22955610,chr18,24359758
rh_chr18_23048890,chr18,24452537
rh_chr18_23201357,chr18,24604288
rh_chr18_23288982,chr18,24691838
rh_chr18_23351706,chr18,24754676
rh_chr18_23418352,chr18,24816674
rh_chr18_23578408,chr18,24976634
rh_chr18_23738824,chr18,25150212
rh_chr18_23887396,chr18,25297827
rh_chr18_24396473,chr18,25815701
rh_chr18_24556216,chr18,25977646
rh_chr18_24904198,chr18,26320637
rh_chr18_26302911,chr18,28549532
rh_chr18_2662553,chr18,2685550
rh_chr18_27803197,chr18,29743886
rh_chr18_27872983,chr18,29813310
rh_chr18_2813601,chr18,2836492
rh_chr18_28224774,chr18,30162116
rh_chr18_28307719,chr18,30245498
rh_chr18_30314724,chr18,32263952
rh_chr18_3084390,chr18,3105950
rh_chr18_31132460,chr18,33251940
rh_chr18_31185354,chr18,33302375
rh_chr18_31650949,chr18,33756994
rh_chr18_31885147,chr18,33991854
rh_chr18_3190122,chr18,3209604
rh_chr18_32680533,chr18,34788950
rh_chr18_32908620,chr18,35027937
rh_chr18_3299536,chr18,3318809
rh_chr18_33874740,chr18,35996542
rh_chr18_3402250,chr18,3421764
rh_chr18_34123552,chr18,36228374
rh_chr18_34381037,chr18,36486162
rh_chr18_34523455,chr18,36628029
rh_chr18_3488083,chr18,3503112
rh_chr18_3555950,chr18,3570866
rh_chr18_3752475,chr18,3755238
rh_chr18_3952793,chr18,3952729
rh_chr18_474745,chr18,479114
rh_chr18_582430,chr18,586397
rh_chr18_6012983,chr18,5999836
rh_chr18_6135846,chr18,6122188
rh_chr18_6229663,chr18,6216018
rh_chr18_6710920,chr18,6674269
rh_chr18_6936362,chr18,6918018
rh_chr18_70737,chr18,80452
rh_chr18_7076548,chr18,7058074
rh_chr18_7128961,chr18,7110264
rh_chr18_7185348,chr18,7166606
rh_chr18_721947,chr18,725878
rh_chr18_7445887,chr18,7427146
rh_chr18_7569505,chr18,7552498
rh_chr18_7653397,chr18,7636422
rh_chr18_7809270,chr18,7779620
rh_chr18_7997064,chr18,7967286
rh_chr18_823493,chr18,827425
rh_chr18_8237032,chr18,8205577
rh_chr18_8343849,chr18,8311356
rh_chr18_8494785,chr18,8461917
rh_chr18_8594348,chr18,8561738
rh_chr18_8759038,chr18,8727380
rh_chr18_8998759,chr18,8966638
rh_chr18_904255,chr18,908274
rh_chr18_9059804,chr18,9027542
rh_chr18_9339521,chr18,9308198
rh_chr18_9478149,chr18,9452806
rh_chr18_9598522,chr18,9573214
rh_chr18_9651215,chr18,9614374
rh_chr18_983057,chr18,986912
rh_chr18_9885500,chr18,9848594
rh_chr18_9976929,chr18,9939970
rh_chr19_10336006,chr19,10390915
rh_chr19_10514939,chr19,10573018
rh_chr19_10666680,chr19,10724926
rh_chr19_10724583,chr19,10781119
rh_chr19_10825978,chr19,10882483
rh_chr19_10968935,chr19,11019955
rh_chr19_11030882,chr19,11081731
rh_chr19_1219270,chr19,1242714
rh_chr19_1306780,chr19,1332862
rh_chr19_1367967,chr19,1394064
rh_chr19_14659354,chr19,15000219
rh_chr19_1471481,chr19,1499273
rh_chr19_14747580,chr19,14911855
rh_chr19_1612358,chr19,1641928
rh_chr19_16370721,chr19,19851234
rh_chr19_16452320,chr19,19769880
rh_chr19_16545270,chr19,19678437
rh_chr19_17622217,chr19,19381856
rh_chr19_17658056,chr19,19346067
rh_chr19_19077261,chr19,21635399
rh_chr19_19495933,chr19,22053256
rh_chr19_1954527,chr19,1985018
rh_chr19_19725625,chr19,22279463
rh_chr19_197793,chr19,228805
rh_chr19_19968859,chr19,22511212
rh_chr19_2036017,chr19,2066514
rh_chr19_2096267,chr19,2126816
rh_chr19_21475599,chr19,24000211
rh_chr19_21537562,chr19,24062161
rh_chr19_21589986,chr19,24114568
rh_chr19_22763652,chr19,25273722
rh_chr19_22967359,chr19,25502042
rh_chr19_23034666,chr19,25568777
rh_chr19_23614226,chr19,26143030
rh_chr19_2366639,chr19,2396602
rh_chr19_24285394,chr19,26803425
rh_chr19_24344947,chr19,26862844
rh_chr19_24442103,chr19,26957816
rh_chr19_24538531,chr19,27054448
rh_chr19_24632229,chr19,27148228
rh_chr19_2600280,chr19,2624802
rh_chr19_2689517,chr19,2714274
rh_chr19_271672,chr19,302666
rh_chr19_2847152,chr19,2870474
rh_chr19_3058726,chr19,3084843
rh_chr19_3112004,chr19,3138150
rh_chr19_3299138,chr19,3325460
rh_chr19_3372376,chr19,3398665
rh_chr19_3429612,chr19,3456832
rh_chr19_3532026,chr19,3558486
rh_chr19_3653862,chr19,3680058
rh_chr19_377073,chr19,408106
rh_chr19_4132489,chr19,4134550
rh_chr19_4492595,chr19,4468412
rh_chr19_4706082,chr19,4709581
rh_chr19_472320,chr19,500624
rh_chr19_4935010,chr19,4928112
rh_chr19_5003967,chr19,4997108
rh_chr19_5072068,chr19,5065203
rh_chr19_5230241,chr19,5221539
rh_chr19_5269,chr19,36252
rh_chr19_5314072,chr19,5305350
rh_chr19_5485618,chr19,5474348
rh_chr19_5807614,chr19,5792706
rh_chr19_5928605,chr19,5918402
rh_chr19_6154322,chr19,6141798
rh_chr19_6382258,chr19,6390141
rh_chr19_6602361,chr19,6610161
rh_chr19_6693425,chr19,6701164
rh_chr19_7055420,chr19,7062996
rh_chr19_7169706,chr19,7177086
rh_chr19_7238559,chr19,7246048
rh_chr19_7350707,chr19,7357250
rh_chr19_7474984,chr19,7480662
rh_chr19_7548460,chr19,7554200
rh_chr19_7695207,chr19,7700280
rh_chr19_8133480,chr19,8198904
rh_chr19_82358,chr19,112801
rh_chr19_8299444,chr19,8346400
rh_chr19_8367018,chr19,8413208
rh_chr19_8441912,chr19,8487804
rh_chr19_8566871,chr19,8627274
rh_chr19_8657020,chr19,8717064
rh_chr19_8733005,chr19,8793035
rh_chr19_8787547,chr19,8847590
rh_chr19_900536,chr19,927412
rh_chr19_9045752,chr19,9105911
rh_chr19_9151792,chr19,9211980
rh_chr19_9229826,chr19,9290016
rh_chr19_9486156,chr19,9542910
rh_chr19_9695699,chr19,9751294
rh_chr19_9748768,chr19,9804267
rh_chr19_984249,chr19,1008062
rh_chr2_10104598,chr02,11406490
rh_chr2_10312496,chr02,11614314
rh_chr2_1080658,chr02,1088846
rh_chr2_10978,chr02,21667
rh_chr2_11004272,chr02,12278604
rh_chr2_116408,chr02,127183
rh_chr2_13029837,chr02,14947932
rh_chr2_13537760,chr02,15456009
rh_chr2_13969416,chr02,15888218
rh_chr2_14184207,chr02,16102826
rh_chr2_14239122,chr02,16157650
rh_chr2_14464718,chr02,16381979
rh_chr2_14873799,chr02,16774494
rh_chr2_1503264,chr02,1509082
rh_chr2_1626662,chr02,1622076
rh_chr2_16603629,chr02,18505796
rh_chr2_16657933,chr02,18560152
rh_chr2_16741500,chr02,18643803
rh_chr2_17012389,chr02,18914661
rh_chr2_17246760,chr02,19213150
rh_chr2_17347640,chr02,19313737
rh_chr2_17478449,chr02,19443986
rh_chr2_1755729,chr02,1751071
rh_chr2_17720094,chr02,19685326
rh_chr2_17785364,chr02,19749544
rh_chr2_17916691,chr02,19879712
rh_chr2_18194652,chr02,20138593
rh_chr2_18448449,chr02,20392396
rh_chr2_18557687,chr02,20501616
rh_chr2_1876931,chr02,1880055
rh_chr2_2122762,chr02,2125572
rh_chr2_2263163,chr02,2265298
rh_chr2_2348470,chr02,2347870
rh_chr2_2688648,chr02,2694084
rh_chr2_2787199,chr02,2793594
rh_chr2_2912460,chr02,2918853
rh_chr2_3061567,chr02,3067966
rh_chr2_3271376,chr02,3281908
rh_chr2_328355,chr02,339127
rh_chr2_3371243,chr02,3392904
rh_chr2_3474971,chr02,3496660
rh_chr2_3531507,chr02,3553096
rh_chr2_3665247,chr02,3686664
rh_chr2_3759497,chr02,3780991
rh_chr2_3959655,chr02,3973629
rh_chr2_4094938,chr02,4108318
rh_chr2_4224825,chr02,4237466
rh_chr2_4288608,chr02,4303096
rh_chr2_4497054,chr02,4477824
rh_chr2_4599939,chr02,4581701
rh_chr2_4703733,chr02,4755869
rh_chr2_4825658,chr02,4877622
rh_chr2_583705,chr02,592022
rh_chr2_5870753,chr02,7218246
rh_chr2_5966830,chr02,7314037
rh_chr2_6129731,chr02,7477498
rh_chr2_6241099,chr02,7589664
rh_chr2_6490761,chr02,7838122
rh_chr2_6781830,chr02,8131489
rh_chr2_681324,chr02,689754
rh_chr2_7412824,chr02,8742972
rh_chr2_7474244,chr02,8804510
rh_chr2_7588304,chr02,8917800
rh_chr2_7651035,chr02,8980538
rh_chr2_7919124,chr02,9232602
rh_chr2_7999319,chr02,9312128
rh_chr2_8110161,chr02,9423392
rh_chr2_8206685,chr02,9519290
rh_chr2_8319548,chr02,9632158
rh_chr2_8433331,chr02,9743752
rh_chr2_8487996,chr02,9798434
rh_chr2_854531,chr02,862421
rh_chr2_8579012,chr02,9889342
rh_chr2_8709614,chr02,10019984
rh_chr2_9074768,chr02,10384906
rh_chr2_9127853,chr02,10437877
rh_chr2_953454,chr02,961592
rh_chr3_10121298,chr03,11113330
rh_chr3_10197802,chr03,11037248
rh_chr3_1041616,chr03,1045356
rh_chr3_10580137,chr03,10655948
rh_chr3_11252155,chr03,10005856
rh_chr3_11293038,chr03,9964986
rh_chr3_1252454,chr03,1243002
rh_chr3_13319654,chr03,14999797
rh_chr3_13417139,chr03,14902754
rh_chr3_14850509,chr03,13244865
rh_chr3_1497682,chr03,1488874
rh_chr3_1559837,chr03,1551348
rh_chr3_15846197,chr03,16495716
rh_chr3_15938806,chr03,16588900
rh_chr3_1725150,chr03,1716640
rh_chr3_17712785,chr03,18354211
rh_chr3_177780,chr03,187083
rh_chr3_17950996,chr03,18586728
rh_chr3_18324978,chr03,18960929
rh_chr3_1842464,chr03,1836717
rh_chr3_1905301,chr03,1899648
rh_chr3_19133207,chr03,19766910
rh_chr3_19297395,chr03,19931065
rh_chr3_19365074,chr03,19997456
rh_chr3_19690734,chr03,20311881
rh_chr3_1999793,chr03,1993640
rh_chr3_2101673,chr03,2093833
rh_chr3_2314233,chr03,2292483
rh_chr3_2430113,chr03,2409174
rh_chr3_2548013,chr03,2526998
rh_chr3_2671385,chr03,2650350
rh_chr3_271381,chr03,279516
rh_chr3_2764075,chr03,2742864
rh_chr3_2901369,chr03,2874692
rh_chr3_3143022,chr03,3116316
rh_chr3_3251513,chr03,3226495
rh_chr3_3385014,chr03,3359753
rh_chr3_342741,chr03,350664
rh_chr3_3488939,chr03,3463995
rh_chr3_3633235,chr03,3612248
rh_chr3_3781609,chr03,3760670
rh_chr3_3905978,chr03,3885026
rh_chr3_4019281,chr03,3998958
rh_chr3_4088612,chr03,4068410
rh_chr3_4217957,chr03,4197695
rh_chr3_4315306,chr03,4295171
rh_chr3_441478,chr03,449374
rh_chr3_4565569,chr03,4548718
rh_chr3_4822693,chr03,4829730
rh_chr3_4920649,chr03,4925960
rh_chr3_4988294,chr03,4993710
rh_chr3_5155501,chr03,5159530
rh_chr3_5232850,chr03,5236686
rh_chr3_5413458,chr03,5417150
rh_chr3_5507072,chr03,5510686
rh_chr3_5583374,chr03,5586495
rh_chr3_5699986,chr03,5703067
rh_chr3_5797319,chr03,5788019
rh_chr3_5885034,chr03,5875696
rh_chr3_6000617,chr03,5976622
rh_chr3_609816,chr03,617415
rh_chr3_6222769,chr03,6197920
rh_chr3_6426810,chr03,6398210
rh_chr3_6650857,chr03,6618364
rh_chr3_6848850,chr03,6817097
rh_chr3_6986623,chr03,6991311
rh_chr3_7073085,chr03,7080248
rh_chr3_7155917,chr03,7163069
rh_chr3_7220808,chr03,7227744
rh_chr3_736742,chr03,744419
rh_chr3_7472345,chr03,7478996
rh_chr3_7742797,chr03,7747792
rh_chr3_8256808,chr03,8276698
rh_chr3_8428406,chr03,8450848
rh_chr3_8604250,chr03,8624668
rh_chr3_8738055,chr03,8759160
rh_chr3_9162339,chr03,9199031
rh_chr3_9224651,chr03,9259354
rh_chr3_931142,chr03,934958
rh_chr3_9374964,chr03,9409722
rh_chr3_9592447,chr03,9573159
rh_chr4_1028787,chr04,1036222
rh_chr4_10789218,chr04,10808422
rh_chr4_11031511,chr04,11048669
rh_chr4_11238026,chr04,11255344
rh_chr4_11802988,chr04,11820022
rh_chr4_1187713,chr04,1194453
rh_chr4_130509,chr04,136244
rh_chr4_1307469,chr04,1314476
rh_chr4_1391400,chr04,1398308
rh_chr4_14162870,chr04,15205906
rh_chr4_14745243,chr04,15793656
rh_chr4_14809627,chr04,15858076
rh_chr4_14964966,chr04,16013408
rh_chr4_1584867,chr04,1591094
rh_chr4_16315879,chr04,17419378
rh_chr4_16491374,chr04,17594540
rh_chr4_1715906,chr04,1719418
rh_chr4_17799573,chr04,18896514
rh_chr4_17980355,chr04,19076907
rh_chr4_18311071,chr04,19406086
rh_chr4_1855396,chr04,1858856
rh_chr4_18700982,chr04,19786672
rh_chr4_19017335,chr04,20099548
rh_chr4_19487535,chr04,20568064
rh_chr4_1972782,chr04,1975916
rh_chr4_19762446,chr04,20840340
rh_chr4_19892780,chr04,20970687
rh_chr4_20004123,chr04,21083111
rh_chr4_20436338,chr04,21518434
rh_chr4_20739437,chr04,21819875
rh_chr4_20837957,chr04,21908505
rh_chr4_2096842,chr04,2099926
rh_chr4_21070680,chr04,22117578
rh_chr4_21130734,chr04,22065954
rh_chr4_21238665,chr04,21967816
rh_chr4_2200518,chr04,2203894
rh_chr4_22039056,chr04,23272992
rh_chr4_22127549,chr04,23361175
rh_chr4_22215506,chr04,23442352
rh_chr4_22272053,chr04,23498858
rh_chr4_22331368,chr04,23558412
rh_chr4_22548287,chr04,23774494
rh_chr4_22791294,chr04,24023036
rh_chr4_23092663,chr04,24319866
rh_chr4_23360446,chr04,24583539
rh_chr4_23421280,chr04,24643856
rh_chr4_23599054,chr04,24820953
rh_chr4_23999526,chr04,25213230
rh_chr4_24312358,chr04,25522930
rh_chr4_24558421,chr04,25765412
rh_chr4_2563214,chr04,2565870
rh_chr4_2783868,chr04,2785775
rh_chr4_2840486,chr04,2842262
rh_chr4_2919507,chr04,2921412
rh_chr4_3098243,chr04,3099970
rh_chr4_3237352,chr04,3239036
rh_chr4_3504483,chr04,3513326
rh_chr4_3597502,chr04,3596700
rh_chr4_3661349,chr04,3660675
rh_chr4_3729570,chr04,3728566
rh_chr4_3801978,chr04,3799174
rh_chr4_3893714,chr04,3890986
rh_chr4_4032151,chr01,23975184
rh_chr4_4246018,chr04,4245950
rh_chr4_4437478,chr04,4438062
rh_chr4_4596235,chr04,4596838
rh_chr4_4759072,chr04,4759188
rh_chr4_4948818,chr04,4948250
rh_chr4_5125331,chr04,5124758
rh_chr4_5338718,chr04,5337702
rh_chr4_5421554,chr04,5420560
rh_chr4_5638153,chr04,5632529
rh_chr4_597184,chr04,605266
rh_chr4_6044777,chr04,6036690
rh_chr4_6188563,chr04,6176424
rh_chr4_6277410,chr04,6265363
rh_chr4_6583166,chr04,6564964
rh_chr4_6678764,chr04,6661097
rh_chr4_6752086,chr04,6734480
rh_chr4_6834788,chr04,6817124
rh_chr4_6949649,chr04,6931901
rh_chr4_700172,chr04,708499
rh_chr4_7003711,chr04,6986262
rh_chr4_7185718,chr04,7167894
rh_chr4_7614182,chr04,7606076
rh_chr4_7771974,chr04,7770954
rh_chr4_7897242,chr04,7915182
rh_chr4_8778482,chr04,8795110
rh_chr4_8965154,chr04,8981870
rh_chr4_9107108,chr04,9126169
rh_chr4_9358331,chr04,9369104
rh_chr4_9417403,chr04,9428125
rh_chr4_9541495,chr04,9552099
rh_chr4_9602051,chr04,9612664
rh_chr4_9681702,chr04,9680924
rh_chr4_9800666,chr04,9800192
rh_chr5_10046422,chr05,10247907
rh_chr5_10303059,chr05,10507379
rh_chr5_10381269,chr05,10585494
rh_chr5_10489999,chr05,10694044
rh_chr5_10597598,chr05,10750018
rh_chr5_10680744,chr05,10833233
rh_chr5_10737322,chr05,10889704
rh_chr5_1120092,chr05,1131936
rh_chr5_11411896,chr05,11557571
rh_chr5_11488698,chr05,11633666
rh_chr5_1191282,chr05,1201814
rh_chr5_12027711,chr05,12165425
rh_chr5_12177632,chr05,12297388
rh_chr5_12317731,chr05,12437588
rh_chr5_12436793,chr05,12558596
rh_chr5_1251758,chr05,1262233
rh_chr5_12609891,chr05,12732730
rh_chr5_12684206,chr05,12807030
rh_chr5_1381073,chr05,1386225
rh_chr5_13959256,chr05,15254774
rh_chr5_14113858,chr05,15412842
rh_chr5_14184102,chr05,15481733
rh_chr5_14244942,chr05,15542474
rh_chr5_1449735,chr05,1454868
rh_chr5_14938393,chr05,16249797
rh_chr5_1508886,chr05,1511180
rh_chr5_15156341,chr05,16467224
rh_chr5_15376196,chr05,16678513
rh_chr5_15439188,chr05,16737916
rh_chr5_15494607,chr05,16793251
rh_chr5_15623556,chr05,16922134
rh_chr5_1581158,chr05,1583426
rh_chr5_15849900,chr05,17148849
rh_chr5_16092596,chr05,17391054
rh_chr5_16184048,chr05,17482782
rh_chr5_16270621,chr05,17569962
rh_chr5_1652473,chr05,1654204
rh_chr5_17484208,chr05,18778873
rh_chr5_17567199,chr05,18849084
rh_chr5_17629585,chr05,18910978
rh_chr5_17847538,chr05,19127406
rh_chr5_18637567,chr05,19952988
rh_chr5_18897041,chr05,20211996
rh_chr5_19422363,chr05,20741240
rh_chr5_196931,chr05,209122
rh_chr5_19701010,chr05,21019495
rh_chr5_19843347,chr05,21161587
rh_chr5_20164865,chr05,21469978
rh_chr5_20239419,chr05,21544781
rh_chr5_20317279,chr05,21622461
rh_chr5_20429993,chr05,21735080
rh_chr5_20648848,chr05,21952242
rh_chr5_20859485,chr05,22134084
rh_chr5_21192283,chr05,22450821
rh_chr5_21389712,chr05,22639754
rh_chr5_21582119,chr05,22832028
rh_chr5_2193315,chr05,2408512
rh_chr5_22368206,chr05,23622396
rh_chr5_22424142,chr05,23678264
rh_chr5_22549876,chr05,23801650
rh_chr5_22623177,chr05,23874915
rh_chr5_22732244,chr05,23971772
rh_chr5_22839984,chr05,24079520
rh_chr5_23028493,chr05,24269475
rh_chr5_23266738,chr05,24507689
rh_chr5_2346684,chr05,2557712
rh_chr5_23626031,chr05,24882266
rh_chr5_23735988,chr05,24991833
rh_chr5_23821379,chr05,25135503
rh_chr5_23885642,chr05,25200105
rh_chr5_23941958,chr05,25256482
rh_chr5_24028531,chr05,25342276
rh_chr5_24109446,chr05,25401816
rh_chr5_2429823,chr05,2640710
rh_chr5_24329039,chr05,25618777
rh_chr5_24405328,chr05,25694348
rh_chr5_24516717,chr05,25805282
rh_chr5_24780052,chr05,26070665
rh_chr5_24901597,chr05,26192248
rh_chr5_25379843,chr05,26630006
rh_chr5_2540724,chr05,2752478
rh_chr5_2671340,chr05,2882538
rh_chr5_2816543,chr05,3027559
rh_chr5_288102,chr05,300354
rh_chr5_2898965,chr05,3109994
rh_chr5_2970834,chr05,3181748
rh_chr5_3163016,chr05,3374002
rh_chr5_3398262,chr05,3609126
rh_chr5_3455965,chr05,3667284
rh_chr5_3554745,chr05,3766266
rh_chr5_3677473,chr05,3887906
rh_chr5_38099,chr05,53878
rh_chr5_3817250,chr05,4027250
rh_chr5_3885586,chr05,4095598
rh_chr5_3959240,chr05,4167318
rh_chr5_4088551,chr05,4295827
rh_chr5_4356188,chr05,4562660
rh_chr5_4453596,chr05,4659536
rh_chr5_4550669,chr05,4756688
rh_chr5_4631069,chr05,4837096
rh_chr5_4744451,chr05,4950468
rh_chr5_4915706,chr05,5120845
rh_chr5_5211296,chr05,5413014
rh_chr5_523818,chr05,535512
rh_chr5_5336805,chr05,5537884
rh_chr5_5451693,chr05,5652773
rh_chr5_5541402,chr05,5742360
rh_chr5_5623008,chr05,5822574
rh_chr5_5692636,chr05,5878971
rh_chr5_5764723,chr05,5951066
rh_chr5_5832422,chr05,6018722
rh_chr5_5884957,chr05,6071326
rh_chr5_601862,chr05,613454
rh_chr5_6247366,chr05,6428064
rh_chr5_6351187,chr05,6531867
rh_chr5_6472536,chr05,6645975
rh_chr5_6577650,chr05,6750532
rh_chr5_6644701,chr05,6817646
rh_chr5_6783807,chr05,6956586
rh_chr5_6864486,chr05,7031852
rh_chr5_7075168,chr05,7254090
rh_chr5_7176925,chr05,7355900
rh_chr5_7260172,chr05,7440816
rh_chr5_727574,chr05,739608
rh_chr5_7410044,chr05,7599822
rh_chr5_7530014,chr05,7719104
rh_chr5_7605115,chr05,7794096
rh_chr5_782424,chr05,794328
rh_chr5_7882802,chr05,8071460
rh_chr5_7984167,chr05,8173610
rh_chr5_8075869,chr05,8265272
rh_chr5_8240400,chr05,8431086
rh_chr5_8392088,chr05,8582401
rh_chr5_8486084,chr05,8678632
rh_chr5_8545800,chr05,8738383
rh_chr5_8605942,chr05,8796856
rh_chr5_8669505,chr05,8860464
rh_chr5_9107670,chr05,9303880
rh_chr5_914744,chr05,926648
rh_chr5_9172170,chr05,9368247
rh_chr5_9249185,chr05,9445186
rh_chr5_9330484,chr05,9526718
rh_chr5_9418134,chr05,9614020
rh_chr5_9475202,chr05,9671360
rh_chr5_9760548,chr05,9959845
rh_chr5_992113,chr05,1003958
rh_chr5_9961427,chr05,10163599
rh_chr6_102558,chr06,162046
rh_chr6_11429092,chr06,13369055
rh_chr6_11635685,chr06,13573087
rh_chr6_13115981,chr06,15041420
rh_chr6_13465389,chr06,15388474
rh_chr6_13524559,chr06,15447494
rh_chr6_13622915,chr06,15544702
rh_chr6_13689046,chr06,15610777
rh_chr6_13832723,chr06,15754340
rh_chr6_14552019,chr06,16472124
rh_chr6_14606037,chr06,16526050
rh_chr6_14835830,chr06,16754784
rh_chr6_15137467,chr06,17056225
rh_chr6_15252969,chr06,17161816
rh_chr6_15470523,chr06,17367070
rh_chr6_15543938,chr06,17440394
rh_chr6_15775550,chr06,17674565
rh_chr6_15850251,chr06,17748608
rh_chr6_15915895,chr06,17812916
rh_chr6_16140020,chr06,18036940
rh_chr6_16196711,chr06,18093566
rh_chr6_17449050,chr06,19366128
rh_chr6_17681109,chr06,19597424
rh_chr6_17921641,chr06,19837916
rh_chr6_17974651,chr06,19890962
rh_chr6_18520823,chr06,20440405
rh_chr6_18758927,chr06,20672126
rh_chr6_18813592,chr06,20726738
rh_chr6_19096194,chr06,21008284
rh_chr6_19791944,chr06,21684712
rh_chr6_19860838,chr06,21751879
rh_chr6_19937319,chr06,21828292
rh_chr6_20000657,chr06,21891657
rh_chr6_20062276,chr06,21953302
rh_chr6_20148242,chr06,22039250
rh_chr6_2027729,chr06,2070574
rh_chr6_20305922,chr06,22196885
rh_chr6_20373568,chr06,22264487
rh_chr6_20569421,chr06,22450010
rh_chr6_20646740,chr06,22514578
rh_chr6_20765164,chr06,22632626
rh_chr6_20848667,chr06,22723548
rh_chr6_2092951,chr06,2136056
rh_chr6_21330468,chr06,23203682
rh_chr6_21448061,chr06,23321016
rh_chr6_21754160,chr06,23631397
rh_chr6_21811156,chr06,23687573
rh_chr6_21944137,chr06,23819395
rh_chr6_22000727,chr06,23876716
rh_chr6_22086937,chr06,23963064
rh_chr6_22153848,chr06,24029990
rh_chr6_22260083,chr06,24135732
rh_chr6_22347070,chr06,24223017
rh_chr6_224766,chr06,284287
rh_chr6_22479225,chr06,24355326
rh_chr6_2312292,chr06,2356444
rh_chr6_2674740,chr06,2722564
rh_chr6_2754921,chr06,2804206
rh_chr6_2818140,chr06,2867498
rh_chr6_281879,chr06,341376
rh_chr6_2871894,chr06,2921318
rh_chr6_3096555,chr06,3145630
rh_chr6_3261399,chr06,3309166
rh_chr6_3423170,chr06,3472580
rh_chr6_3629748,chr06,3678231
rh_chr6_3712077,chr06,3760626
rh_chr6_3839773,chr06,3887376
rh_chr6_3959798,chr06,4008044
rh_chr6_4086610,chr06,4129213
rh_chr6_4193190,chr06,4236046
rh_chr6_4282333,chr06,4324944
rh_chr6_4597959,chr06,4635406
rh_chr6_4664668,chr06,4702018
rh_chr6_4773860,chr06,4811848
rh_chr6_4904340,chr06,4941990
rh_chr6_4995975,chr06,5025254
rh_chr6_506716,chr06,558810
rh_chr6_5143105,chr06,5172293
rh_chr6_5316318,chr06,5345943
rh_chr6_5491770,chr06,5522306
rh_chr6_5661220,chr06,5692815
rh_chr6_5752203,chr06,5783889
rh_chr6_578856,chr06,630914
rh_chr6_5843756,chr06,5871002
rh_chr6_5958577,chr06,5984306
rh_chr6_6016850,chr06,6042563
rh_chr6_6136000,chr06,6161842
rh_chr6_6373188,chr06,6397486
rh_chr6_6587450,chr06,6609564
rh_chr6_6641504,chr06,6663556
rh_chr6_670815,chr06,722980
rh_chr6_6873743,chr06,6897446
rh_chr6_6961754,chr06,6985536
rh_chr6_7372241,chr06,7395182
rh_chr6_7690367,chr06,7709455
rh_chr6_7855019,chr06,7873220
rh_chr6_816414,chr06,863808
rh_chr6_9016289,chr06,9029641
rh_chr6_9159176,chr06,9172484
rh_chr6_9426152,chr06,9439492
rh_chr7_10066816,chr07,10020572
rh_chr7_1013924,chr07,1015974
rh_chr7_10166440,chr07,10119780
rh_chr7_10498469,chr07,10455160
rh_chr7_11272401,chr07,11216975
rh_chr7_11956846,chr07,11903558
rh_chr7_12020415,chr07,11965439
rh_chr7_1223286,chr07,1211803
rh_chr7_12309436,chr07,12251967
rh_chr7_12389122,chr07,12332998
rh_chr7_12452417,chr07,12397744
rh_chr7_13861474,chr07,14256274
rh_chr7_1406036,chr07,1394687
rh_chr7_1482314,chr07,1470962
rh_chr7_15120439,chr07,19174570
rh_chr7_15243832,chr07,19270426
rh_chr7_15374402,chr07,19414684
rh_chr7_15608927,chr07,19795031
rh_chr7_1600355,chr07,1588684
rh_chr7_17042396,chr07,21164584
rh_chr7_17219131,chr07,21324296
rh_chr7_1722728,chr07,1724104
rh_chr7_17308092,chr07,21424138
rh_chr7_17378899,chr07,21464368
rh_chr7_17449406,chr07,21566284
rh_chr7_17582741,chr07,21704387
rh_chr7_17723002,chr07,21925848
rh_chr7_17910033,chr07,22170311
rh_chr7_1796486,chr07,1797810
rh_chr7_18097382,chr07,22314602
rh_chr7_18184680,chr07,22404518
rh_chr7_18268268,chr07,22487622
rh_chr7_18437688,chr07,22616917
rh_chr7_18701068,chr07,22767178
rh_chr7_18762637,chr07,22827791
rh_chr7_1882551,chr07,1883931
rh_chr7_18835505,chr07,22874384
rh_chr7_18952564,chr07,23024300
rh_chr7_19049003,chr07,23162826
rh_chr7_19299297,chr07,23428062
rh_chr7_19355564,chr07,23341705
rh_chr7_19598178,chr07,24778260
rh_chr7_19985774,chr07,24474614
rh_chr7_20103260,chr07,24397524
rh_chr7_20279884,chr07,24285830
rh_chr7_20394121,chr07,24178630
rh_chr7_20674414,chr07,25072500
rh_chr7_20906881,chr07,25116576
rh_chr7_21128945,chr07,25233221
rh_chr7_2131456,chr07,2133069
rh_chr7_22046989,chr07,26370696
rh_chr7_22101289,chr07,26425054
rh_chr7_22250380,chr07,26574132
rh_chr7_22508479,chr07,26849898
rh_chr7_22580507,chr07,26922138
rh_chr7_22781295,chr07,27105469
rh_chr7_2287634,chr07,2289154
rh_chr7_22891955,chr07,27215899
rh_chr7_228986,chr07,220850
rh_chr7_22991552,chr07,27314420
rh_chr7_23068209,chr07,27391160
rh_chr7_23233299,chr07,27553648
rh_chr7_23310116,chr07,27630502
rh_chr7_23438032,chr07,27756107
rh_chr7_23660749,chr07,27977658
rh_chr7_23769058,chr07,28095669
rh_chr7_23844050,chr07,28165182
rh_chr7_23962575,chr07,28283814
rh_chr7_24059511,chr07,28380620
rh_chr7_24217484,chr07,28537028
rh_chr7_2435368,chr07,2436491
rh_chr7_24373021,chr07,28691265
rh_chr7_24508748,chr07,28826181
rh_chr7_24586966,chr07,28904326
rh_chr7_24677373,chr07,28994172
rh_chr7_24879814,chr07,29196154
rh_chr7_24967097,chr07,29283271
rh_chr7_25056911,chr07,29368524
rh_chr7_25141862,chr07,29453385
rh_chr7_25262311,chr07,29573840
rh_chr7_25457734,chr07,29771212
rh_chr7_25669872,chr07,29983266
rh_chr7_2590123,chr07,2591779
rh_chr7_25909284,chr07,30223016
rh_chr7_25988242,chr07,30296001
rh_chr7_26088532,chr07,30396280
rh_chr7_26249020,chr07,30555532
rh_chr7_26363715,chr07,30669787
rh_chr7_26515058,chr07,30834486
rh_chr7_2667199,chr07,2668624
rh_chr7_26680230,chr07,30999212
rh_chr7_26792208,chr07,31111106
rh_chr7_26919971,chr07,31238940
rh_chr7_27013763,chr07,31331210
rh_chr7_27341252,chr07,31637368
rh_chr7_2771025,chr07,2772008
rh_chr7_2950372,chr07,2950949
rh_chr7_3021215,chr07,3021818
rh_chr7_3299440,chr07,3297720
rh_chr7_3401987,chr07,3400918
rh_chr7_3559874,chr07,3558792
rh_chr7_3625373,chr07,3624332
rh_chr7_3716693,chr07,3715690
rh_chr7_3835738,chr07,3834670
rh_chr7_3995914,chr07,3997990
rh_chr7_4112731,chr07,4112342
rh_chr7_4254728,chr07,4252042
rh_chr7_4373927,chr07,4371300
rh_chr7_4426570,chr07,4423926
rh_chr7_4663485,chr07,4659890
rh_chr7_4749017,chr07,4745478
rh_chr7_5012925,chr07,5011724
rh_chr7_5127224,chr07,5125971
rh_chr7_5199288,chr07,5197876
rh_chr7_5300863,chr07,5298694
rh_chr7_5356756,chr07,5354430
rh_chr7_5435880,chr07,5432688
rh_chr7_5496494,chr07,5493348
rh_chr7_6083288,chr07,6080877
rh_chr7_629398,chr07,621658
rh_chr7_6389989,chr07,6387527
rh_chr7_6636081,chr07,6631452
rh_chr7_6944947,chr07,6931098
rh_chr7_7162026,chr07,7146208
rh_chr7_7447102,chr07,7430582
rh_chr7_748361,chr07,749744
rh_chr7_7588721,chr07,7573901
rh_chr7_7699857,chr07,7685873
rh_chr7_7829034,chr07,7814808
rh_chr7_7990376,chr07,7975834
rh_chr7_8094847,chr07,8077332
rh_chr7_8155951,chr07,8137425
rh_chr7_8252505,chr07,8233938
rh_chr7_8330361,chr07,8312064
rh_chr7_848595,chr07,850064
rh_chr7_8561570,chr07,8543016
rh_chr7_8804798,chr07,8780956
rh_chr7_912369,chr07,913856
rh_chr7_9942517,chr07,9896660
rh_chr8_1005872,chr08,1049644
rh_chr8_10146498,chr08,11319544
rh_chr8_10266320,chr08,11432914
rh_chr8_10383725,chr08,11550392
rh_chr8_10545513,chr08,11713960
rh_chr8_10660800,chr08,11828993
rh_chr8_10735044,chr08,11907352
rh_chr8_10850929,chr08,12023177
rh_chr8_10993976,chr08,12167019
rh_chr8_11082356,chr08,12243468
rh_chr8_11215366,chr08,12376508
rh_chr8_11308042,chr08,12470444
rh_chr8_11435234,chr08,12597224
rh_chr8_11544717,chr08,12706131
rh_chr8_1155960,chr08,1199431
rh_chr8_11650720,chr08,12812162
rh_chr8_11773246,chr08,12934692
rh_chr8_11992421,chr08,13154465
rh_chr8_1222997,chr08,1266306
rh_chr8_12251683,chr08,13415050
rh_chr8_12336402,chr08,13499764
rh_chr8_12429651,chr08,13594250
rh_chr8_12529769,chr08,13694018
rh_chr8_12843847,chr08,14006564
rh_chr8_12950516,chr08,14113253
rh_chr8_13104592,chr08,14274202
rh_chr8_13261367,chr08,14413654
rh_chr8_13355367,chr08,14515067
rh_chr8_13482645,chr08,14640980
rh_chr8_13582202,chr08,14740551
rh_chr8_13705893,chr08,14863526
rh_chr8_13823480,chr08,14980206
rh_chr8_13885816,chr08,15042498
rh_chr8_13973400,chr08,15129932
rh_chr8_14086001,chr08,15242560
rh_chr8_14233651,chr08,15390192
rh_chr8_14401501,chr08,15579224
rh_chr8_14638681,chr08,15816332
rh_chr8_14700208,chr08,15878098
rh_chr8_14793667,chr08,15967522
rh_chr8_14881905,chr08,16055748
rh_chr8_14968234,chr08,16137646
rh_chr8_15057460,chr08,16226905
rh_chr8_15158961,chr08,16328508
rh_chr8_15245498,chr08,16414374
rh_chr8_15413080,chr08,16582261
rh_chr8_15673111,chr08,16842246
rh_chr8_15761184,chr08,16924778
rh_chr8_15917624,chr08,17082421
rh_chr8_16151298,chr08,17346084
rh_chr8_16282470,chr08,17477408
rh_chr8_16390041,chr08,17584337
rh_chr8_16617028,chr08,17807047
rh_chr8_16821914,chr08,18004631
rh_chr8_16925218,chr08,18107951
rh_chr8_17200985,chr08,18387560
rh_chr8_17355913,chr08,18542584
rh_chr8_17618164,chr08,18808916
rh_chr8_17684438,chr08,18877352
rh_chr8_17861216,chr08,19049215
rh_chr8_17921592,chr08,19109520
rh_chr8_17992110,chr08,19180002
rh_chr8_1817422,chr08,1858888
rh_chr8_1896435,chr08,1939062
rh_chr8_19107704,chr08,20324234
rh_chr8_19310146,chr08,20526360
rh_chr8_19481018,chr08,20695006
rh_chr8_19687962,chr08,20900400
rh_chr8_19745123,chr08,20957382
rh_chr8_20006189,chr08,21230270
rh_chr8_20100013,chr08,21324040
rh_chr8_2017540,chr08,2059827
rh_chr8_20316557,chr08,21540008
rh_chr8_20544048,chr08,21767026
rh_chr8_20732778,chr08,21945388
rh_chr8_20838429,chr08,22051058
rh_chr8_20966593,chr08,22179184
rh_chr8_21093567,chr08,22306263
rh_chr8_21172946,chr08,22385314
rh_chr8_21332630,chr08,22545304
rh_chr8_21436766,chr08,22649332
rh_chr8_21551764,chr08,22764218
rh_chr8_21621683,chr08,22834226
rh_chr8_21723847,chr08,22936298
rh_chr8_21969721,chr08,23183410
rh_chr8_2197734,chr08,2232297
rh_chr8_22064560,chr08,23278074
rh_chr8_22142275,chr08,23355850
rh_chr8_22251587,chr08,23465184
rh_chr8_222721,chr08,268933
rh_chr8_22329964,chr08,23543570
rh_chr8_2250586,chr08,2285206
rh_chr8_22506234,chr08,23710918
rh_chr8_2443239,chr08,2469551
rh_chr8_2564886,chr08,2590547
rh_chr8_2666965,chr08,2691860
rh_chr8_2784591,chr08,2810619
rh_chr8_301480,chr08,347628
rh_chr8_30944,chr08,76322
rh_chr8_3176495,chr08,3201714
rh_chr8_3320879,chr08,3347570
rh_chr8_396592,chr08,443126
rh_chr8_4108038,chr08,4136000
rh_chr8_4214869,chr08,4242765
rh_chr8_4661848,chr08,4686122
rh_chr8_474142,chr08,520727
rh_chr8_4918103,chr08,4942020
rh_chr8_5062235,chr08,5087101
rh_chr8_5398297,chr08,5421958
rh_chr8_5630677,chr08,5653470
rh_chr8_7224682,chr08,8400783
rh_chr8_730234,chr08,775827
rh_chr8_7371285,chr08,8546088
rh_chr8_7443260,chr08,8617986
rh_chr8_7542838,chr08,8716944
rh_chr8_7624958,chr08,8800204
rh_chr8_7812019,chr08,8987064
rh_chr8_7898256,chr08,9073708
rh_chr8_8086885,chr08,9262398
rh_chr8_8227840,chr08,9404805
rh_chr8_9037920,chr08,10210384
rh_chr8_9266897,chr08,10440614
rh_chr8_9332167,chr08,10505477
rh_chr8_9483316,chr08,10663800
rh_chr8_9585235,chr08,10767812
rh_chr8_96364,chr08,142536
rh_chr8_9702346,chr08,10883729
rh_chr8_9810148,chr08,10983290
rh_chr8_9924400,chr08,11097574
rh_chr9_10684574,chr09,10643028
rh_chr9_1150801,chr09,1182562
rh_chr9_1250145,chr09,1281836
rh_chr9_1305204,chr09,1336117
rh_chr9_13086190,chr09,13598083
rh_chr9_13197248,chr09,13709016
rh_chr9_13400197,chr09,13914288
rh_chr9_13689984,chr09,14204554
rh_chr9_13760891,chr09,14274204
rh_chr9_13933778,chr09,14446950
rh_chr9_14029478,chr09,14530016
rh_chr9_1407687,chr09,1437766
rh_chr9_14194102,chr09,14698418
rh_chr9_1464217,chr09,1494249
rh_chr9_1575241,chr09,1605051
rh_chr9_16094913,chr09,17427622
rh_chr9_16162865,chr09,17478454
rh_chr9_16226427,chr09,17543237
rh_chr9_1648912,chr09,1678814
rh_chr9_17005889,chr09,18312072
rh_chr9_17042572,chr09,18347218
rh_chr9_18081402,chr09,19378581
rh_chr9_18392600,chr09,19684304
rh_chr9_18463570,chr09,19755312
rh_chr9_18628859,chr09,19919730
rh_chr9_19000027,chr09,20290814
rh_chr9_19072322,chr09,20362420
rh_chr9_19148103,chr09,20438198
rh_chr9_19253175,chr09,20543340
rh_chr9_19317456,chr09,20607418
rh_chr9_19496885,chr09,20789422
rh_chr9_19584618,chr09,20877313
rh_chr9_19646195,chr09,20938883
rh_chr9_19944895,chr09,21236080
rh_chr9_20042224,chr09,21334642
rh_chr9_2008333,chr09,2016021
rh_chr9_20127590,chr09,21419188
rh_chr9_20989379,chr09,22315547
rh_chr9_2133495,chr09,2140454
rh_chr9_2249377,chr09,2256380
rh_chr9_226145,chr09,262187
rh_chr9_22651315,chr09,23978869
rh_chr9_22838327,chr09,24167035
rh_chr9_23002835,chr09,24331690
rh_chr9_2302342,chr09,2309332
rh_chr9_2391752,chr09,2398355
rh_chr9_2474475,chr09,2481108
rh_chr9_2539091,chr09,2534568
rh_chr9_301541,chr09,334178
rh_chr9_3370837,chr09,3363497
rh_chr9_3600480,chr09,3592864
rh_chr9_4085999,chr09,4078266
rh_chr9_4138989,chr09,4130758
rh_chr9_4242318,chr09,4233552
rh_chr9_4448159,chr09,4439483
rh_chr9_4796302,chr09,4784438
rh_chr9_4855358,chr09,4843272
rh_chr9_4911190,chr09,4899182
rh_chr9_516308,chr09,549236
rh_chr9_5405159,chr09,5389042
rh_chr9_5500102,chr09,5473178
rh_chr9_5566204,chr09,5539505
rh_chr9_5785960,chr09,5761168
rh_chr9_5920608,chr09,5895578
rh_chr9_618812,chr09,651808
rh_chr9_6446554,chr09,6409198
rh_chr9_6523189,chr09,6485802
rh_chr9_6602203,chr09,6565440
rh_chr9_6658412,chr09,6618482
rh_chr9_6717488,chr09,6677629
rh_chr9_6771287,chr09,6725744
rh_chr9_6915807,chr09,6870379
rh_chr9_6990766,chr09,6945070
rh_chr9_7133530,chr09,7087840
rh_chr9_7340587,chr09,7292240
rh_chr9_739923,chr09,772976
rh_chr9_7476640,chr09,7428760
rh_chr9_7533649,chr09,7485794
rh_chr9_7625622,chr09,7577713
rh_chr9_813785,chr09,845550
rh_chr9_8610386,chr01,21458422
rh_chr9_8899256,chr09,8856482
rh_chr9_893002,chr09,924766
rh_chr9_9152025,chr09,9112950
rh_chr9_9426423,chr09,9386571
rh_chr9_9574105,chr09,9534955
rh_SDI_e7_AGL11,chr18,32255594
RH02F6D41F84C6464Z0Z,chr18,34925421
RH05A1D00D2EB4C6Z0Z,chr03,2175700
RH06CF4CF14A87462Z0Z,chr14,4830718
RH07B4539AD09E4D6Z0Z,chr14,9878963
RH0A976FD279264A9Z0Z,chr18,31395129
RH10AAD5E7D52F4A3Z0Z,chr15,12956456
RH142962A49D76403Z0Z,chr13,26703762
RH1666952723F7472Z0Z,chr15,12579482
RH188EE1E88FC243AZ0Z,chr09,8915549
RH1EEE5FD6B14049AZ0Z,chr13,19523966
RH1FF6081642CA4DAZ0Z,chr09,8903167
RH20FA9C9E129F4ADZ0Z,chr14,9252311
RH212B9048D9D840DZ0Z,chr19,993112
RH21D247D6844C40DZ0Z,chr15,16492393
RH295994F4D6FF48AZ0Z,chr19,995465
RH30C723D0AFA446Z0Z,chr19,994300
RH37D209FB08574C5Z0Z,chr15,717641
RH38CC6044A25541AZ0Z,chr18,31421662
RH427C2B15EF3F491Z0Z,chr14,4820928
RH436B7AC2E6CE44BZ0Z,chr15,12680904
RH452B3382B1664A5Z0Z,chr09,1131980
RH47A76EDB3AA04EFZ0Z,chr18,31394824
RH4CA3F1640D02448Z0Z,chr03,2187530
RH4D549976C304467Z0Z,chr09,3027950
RH545F7A587328411Z0Z,chr12,18795200
RH570529DB702433Z0Z,chr14,10035825
RH589D93B04CAD401Z0Z,chr09,1114414
RH59031BB5F65E40CZ0Z,chr15,634426
RH5C80D0BF07E54CFZ0Z,chr15,17828180
RH5C83341A09B940DZ0Z,chr15,13409200
RH5E6EAC43A4FD47DZ0Z,chr19,992458
RH60BA35BE8B23457Z0Z,chr09,19941164
RH610DA08BBC76484Z0Z,chr09,3426268
RH61CC994833964FEZ0Z,chr03,2183380
RH68F3DFC9E796462Z0Z,chr14,4791804
RH6AA69BAA45D7420Z0Z,chr03,2186480
RH6AFA560C02594B1Z0Z,chr02,4856344
RH6C84387A87E04B9Z0Z,chr14,4863755
RH6D265AA7EAB4ABZ0Z,chr15,661162
RH726DD0DAB9CF46DZ0Z,chr09,19981589
RH731A81C2860E409Z0Z,chr15,13475512
RH737C093946E1450Z0Z,chr15,2473995
RH73A206A4421643EZ0Z,chr09,19927408
RH77CF3788C42740FZ0Z,chr15,2464146
RH7A325E66DAC84E5Z0Z,chr02,16349963
RH80E04FDDF68B409Z0Z,chr02,16360890
RH81A0B633B8474DFZ0Z,chr15,16758558
RH838E041E5F744C3Z0Z,chr13,27073700
RH83A8E2B5B6D045FZ0Z,chr09,19971858
RH83D2B5A3D104400Z0Z,chr09,3274183
RH84E55D608CF3498Z0Z,chr09,19783897
RH8921975E0AF24D1Z0Z,chr15,18067344
RH892396139D3C45FZ0Z,chr15,12597842
RH89A8A30FCAA5410Z0Z,chr09,940336
RH89D5468E75AA41FZ0Z,chr03,2192422
RH8C5909F63C62460Z0Z,chr09,1089993
RH8EDCAF550FA4497Z0Z,chr14,9251774
RH8FC76EB7A9204CEZ0Z,chr02,16203790
RH90AA1A35AA92427Z0Z,chr15,17404614
RH948F9EDD8E1B4F0Z0Z,chr14,9884676
RH94EA23F53E50483Z0Z,chr13,26912955
RH964181FB13C543CZ0Z,chr09,8877302
RH98D539BA4F874F9Z0Z,chr02,4859783
RH9983253BE7ED440Z0Z,chr14,4764963
RH9A5638C50908419Z0Z,chr12,18793808
RH9C9EA96B91154D8Z0Z,chr09,19804720
RH9D5A994245D843BZ0Z,chr15,2471147
RH9D82CC1093424FDZ0Z,chr13,13001374
RHA63CAAD3F6FB4AFZ0Z,chr14,9252929
RHA70E86B33EE045DZ0Z,chr09,8861901
RHA75FD9455B60439Z0Z,chr09,2974216
RHA7C27ECB8862470Z0Z,chr09,933569
RHABFA2EBD5365422Z0Z,chr15,639768
RHB40716D4B50E404Z0Z,chr02,16203288
RHB96FE557440B4E0Z0Z,chr14,4846101
RHBBDE495EE5384A4Z0Z,chr03,2143162
RHBC649A5C22B047FZ0Z,chr18,35256214
RHC0A3FE82A09444CZ0Z,chr03,2184835
RHC7D48407AD094DBZ0Z,chr13,26536443
RHCD57417A70A64CEZ0Z,chr19,997750
RHCD71E6B58F354FEZ0Z,chr18,31393547
RHCE601381563A4F3Z0Z,chr03,2094183
RHD02BC56C8DD34CBZ0Z,chr09,3698079
RHD087A470091F456Z0Z,chr09,19894545
RHD20F05349A47495Z0Z,chr15,17863211
RHD8423DE65F2A42EZ0Z,chr14,9850723
RHDCBB7A69002D45AZ0Z,chr15,13059420
RHDE6B50FCEA3148BZ0Z,chr13,19260252
RHDF272368015248DZ0Z,chr13,26578314
RHDF2FA8DA489C474Z0Z,chr02,16353384
RHEC381B74F4E14FDZ0Z,chr18,31394142
RHED9932EF63D241BZ0Z,chr18,32255663
RHEEA7A3526568451Z0Z,chr12,18791990
RHFC479A4A7083461Z0Z,chr13,19791960
rhMAS_5GT_700,chr09,6485770
rhMAS_5GT_cons95,chr09,6485248
rhMAS_Ren6_PN9_068,chr09,9084487
rhMAS_Ren7_PN19_018,chr19,844453
rhMAS_Ren7_VVip17,chr19,244487
rhMAS_Ren7_VVIu09,chr19,1447414
rhMAS_Run1_CB3334,chr12,18785455
rhMAS_SDI_p2_AG11_chr18_30Mb,chr18,32264136
rhMAS_SDI_p3_AGL11,chr18,32262810
rhMAS_SDI_p4_AGL11,chr18,32262146
rhMASpr_t_r63_comp42667_c0_seq3,chr18,35113622
rhMASpr_t_r64_183comp31351_c0_seq2tmv,chr18,35113527
rhMASpr_t_r65_comp42667_c0_seq3,chr18,35113527
rhMASpr_t1_r60_comp43401_c0_seq1,chr18,34954776
rhMASpr_t1_r61_comp47732_c0_seq1,chr18,34955330
ScLoKvP_762_RUN1_12319_13319,chr12,18266701
ScLoKvP_762_RUN1_23027_24027,chr12,18277462
ScLoKvP_762_RUN1_37261_38261,chr12,18291587
ScLoKvP_762_RUN1_42624_43624,chr12,18296967
ScLoKvP_762_RUN1_49721_50721,chr12,18178530
ScLoKvP_762_RUN1_50011_51011,chr12,18304508
ScLoKvP_762_RUN1_52509_53509,chr12,18306864
ScLoKvP_762_RUN1_72189_73189,chr12,18745036
ScLoKvP_762_RUN1_73233_74233,chr12,18390760
TA_1_7636634_1002_VariantMasked,chr02,5079660
TA_1_7639706_1002_VariantMasked,chr02,5076607
TA_1_7644532_1002_VariantMasked,chr02,5071854
TA_1_7693734_1002_VariantMasked,chr02,5058256
TA_1_7694230_1002_VariantMasked,chr02,5057898
TA_1_7694762_1002_VariantMasked,chr02,5057188
TA_1_7699458_1002_VariantMasked,chr02,5052622
TA_1_7714298_1002_VariantMasked,chr02,5037822
TA_1_7751332_1002_VariantMasked,chr02,5006974
TA_1_7752747_1002_VariantMasked,chr02,5005154
TA_1_7807815_1002_VariantMasked,chr02,4961350
TA_1_7814063_1002_VariantMasked,chr02,4955117
TA_1_7816326_1002_VariantMasked,chr02,4952740
TA_1_7820356_1002_VariantMasked,chr02,4948818
TA_1_7861327_1002_VariantMasked,chr02,4896086
TA_1_7903404_1002_VariantMasked,chr02,4848404
TA_1_7905085_1002_VariantMasked,chr02,4846854
TA_1_7906196_1002_VariantMasked,chr02,4845770
TA_1_7907053_1002_VariantMasked,chr02,4844806
TA_1_7917619_1002_VariantMasked,chr02,4830096
