A2Y1_C323L__vDNAlon918B05_A06	Vv
0357.0000C__BIvDNAara0048D12_A11	Vv
160x271_854__vDNAlon506A10_E02	NA1
E086__vDNAlon1138F06_F11	NA1
DVIT0820_0000C__BIvDNAara1100A04_G08	Vv
S1422__vDNAhei1332F06_F04	NA1
17_109_10__vDNAcad1067F07_C10	EA
DVIT0704_0000C__BIvDNAara1102A06_F06	Vv
PI_588637__BIvDNAgut0034C10_G02	EA
2224.0005A__BIvDNAara0067A01_A06	NA2
CH1140-11__vDNAwor1521F05_E12	Mus
187__EXTvDNAels0023A02_G08	Mus
Ark1214_21__EXTvDNAWOR0030A04_E11	Mus
Seyval_Blanc__vDNAhat906A05_D01	NA1
2217.0009A__BIvDNAara0067A01_G08	NA2
83__EXTvDNAels0022A01_F07	Mus
PI_588590.m__BIvDNAgut0037D01_C03	NA1
DVIT0400_0000D__BIvDNAara1073G01_B10	Vv
1156.0011A__BIvDNAara0065F05_C09	EA
588633__vDNAcad441D05_C06	EA
S1826__vDNAhei1333F07_E06	NA2
2228.0014A__BIvDNAara0067A01_B04	NA2
DVIT0538_0000F__BIvDNAara1076G04_E02	Vv
483146__vDNAlon095H11_C04	NA2
S2206__vDNAhei1334F08_E03	NA2
EMPEROR__BIvDNAnae0003A03_E04	Vv
Noble_UA__Muscadine_Plate1_H11	Mus
17_109_40__vDNAcad1066F06_H05	EA
d3s93__vDNAdia1360D09_H12	NA2
17_109_44__vDNAcad1067F07_G02	EA
E041__vDNAlon1138F06_E05	NA1
597232__vDNAlon096H12_A09	NA2
1159.0010A__BIvDNAara0053E05_H11	EA
ND_1_86_132__vDNAhat900H11_F04	NA1
ND_1_86_124__vDNAhat900H11_F03	NA1
PI_588071__BIvDNAgut0027C03_B03	NA1
B71-27__BIvDNAnae0001A01_C12	Vv
8.11.191__EXTvDNAbar0003C04_H11	Vv
588197__vDNAlon096H12_F06	NA2
160x271_856__vDNAlon506A10_G02	NA1
2216.0002A__BIvDNAara0068A02_F12	NA2
68__EXTvDNAels0022A01_H05	Mus
H2511__vDNAhei1325E11_E07	NA1
DVIT2732__vDNAcad796B09_C09	EA
AS_2_1__EXTvDNAhau1396G04_A01	Vv
PI_247064__BIvDNAgut0035C11_E12	NA1
160x271_763__vDNAlon505A09_E02	NA1
79__EXTvDNAels0022A01_B07	Mus
116__EXTvDNAels0022A01_G11	Mus
S1019__vDNAhei1331F05_G04	Mus
588640__vDNAcad441D05_H05	EA
588635__vDNAlon096H12_F03	EA
E064__vDNAlon1138F06_B09	NA1
S0303__vDNAhei1330F04_F04	NA2
PI_588420__BIvDNAgut0037D01_D02	EA
DVIT0497_0000C__BIvDNAara1075G03_D03	Vv
VIL3__EXTvDNAWOR0047A01_D11	Mus
H0607__vDNAhei1320E06_F01	NA2
lab29__vDNAcad1517F08_E07	NA2
ChardonnaySelf1_A10__vDNAfen201A01_A10	Vv
PI_588635__BIvDNAgut0034C10_A03	EA
2006-155__vDNAwor1640H03_H07	Mus
588637__vDNAcad441D05_B05	EA
588645__vDNAlon096H12_H09	EA
AM131__Muscadine_Plate3_E08	Mus
588637__vDNAlon096H12_H03	EA
PI_597296__BIvDNAgut0035C11_E03	EA
2202.0009A__BIvDNAara0069A03_A05	NA1
PI_588440__BIvDNAgut0032C08_E05	NA1
DVIT0853_0000C__BIvDNAara1100A04_C12	Vv
L1240__vDNAhei1316E02_B08	Vv
206__EXTvDNAels0023A02_B11	Mus
2010-104__vDNAwor1522F06_D02	Mus
588642__vDNAlon096H12_F09	EA
Y539-64__BIvDNAnae0003A03_G01	Vv
DVIT0567_0000D__BIvDNAara1074G02_A05	Vv
PI_588460__BIvDNAgut0037D01_G01	NA2
L_07_67__BIvDNAara1100A04_F12	Vv
S1318__vDNAhei1332F06_C01	NA2
PI_588094__BIvDNAgut0028C04_B02	NA2
Ark1212_46__EXTvDNAWOR0032A06_G09	Mus
DVIT2317_0000B__BIvDNAara1101A05_F08	Vv
Unkx13_101_20__Screenhouse-Plate1_D02	NA1
PI_588633__BIvDNAgut0034C10_E07	EA
d17s77__vDNAdia1374E11_E10	NA2
PI_588460__BIvDNAgut0033C09_F09	NA2
H4251__vDNAhei1330F04_H02	NA2
S0613__vDNAhei1330F04_E09	NA2
17_109_08__vDNAcad1067F07_A10	EA
588143__vDNAlon096H12_B08	NA2
588641__vDNAcad441D05_A06	EA
2006-047__vDNAwor1641A04_A07	Mus
17_109_11__vDNAcad1067F07_D10	EA
E231__vDNAlon1140F08_F05	NA1
PI_597297__BIvDNAgut0035C11_H01	EA
E092__vDNAlon1139F07_B10	NA1
S1508__vDNAhei1332F06_F06	NA2
lab105__vDNAcad1516F07_H01	NA2
A2Y1_C55L__vDNAlon917B04_C05	Vv
P1__EXTvDNAhau0044A03_C03	Vv
ND_1_86_120__vDNAhat900H11_H02	NA1
9.12.175__EXTvDNAbar0005H11_F12	Vv
TEX1__EXTvDNAWOR0048A02_A01	Mus
OKL7__EXTvDNAWOR0048A02_F04	Mus
lab81__vDNAcad1516F07_H12	NA2
ROTGe__EXTvDNAsca1439D04_A05	Mus
PI_588630__BIvDNAgut0033C09_A11	EA
9.1.51__EXTvDNAbar0003C04_G06	Vv
M13__vDNAled779A04_B04	Vv
V_cinerea_B9__vDNArei050E02_E06	NA2
588378__vDNAlon096H12_C02	NA1
PI_588448__BIvDNAgut0032C08_C11	NA1
PI_588641__BIvDNAgut0034C10_E08	EA
S0609__vDNAhei1330F04_B09	NA2
PI_588460__BIvDNAgut0028C04_F04	NA2
2215.0002A__BIvDNAara0067A01_E12	NA2
S1723__vDNAhei1333F07_H02	NA2
1156.0010B__BIvDNAara0065F05_B09	EA
d18s17__vDNAdia1375E12_A03	NA2
6.14.137__EXTvDNAbar0001A02_E11	Vv
1159.0003A__BIvDNAara0065F05_E07	EA
588629__vDNAcad441D05_D06	EA
17_109_39__vDNAcad1065F05_B11	EA
1701_75__EXTvDNAWOR0048A02_F09	Mus
17_109_41__vDNAcad1066F06_F08	EA
5.10.66__EXTvDNAbar0007B03_B11	Vv
E020__vDNAlon1138F06_C03	NA1
CINM__EXTvDNAsca1439D04_F09	NA2
1156.0005A__BIvDNAara0065F05_G08	EA
PI_588398__BIvDNAgut0039D03_C07	NA2
S1830__vDNAhei1333F07_A07	NA2
S0517__vDNAhei1330F04_C08	NA2
160x271_838__vDNAlon505A09_E12	NA1
160x271_930__vDNAlon506A10_F12	NA1
2005.0006A__BIvDNAara0065F05_F10	EA
1156.0012A__BIvDNAara0065F05_D09	EA
DVIT2112_0000B__BIvDNAara1076G04_B09	Vv
DVIT2323_0000A__BIvDNAara1076G04_H12	Vv
2010-098__vDNAwor1522F06_F01	Mus
2203.0004A__BIvDNAara0068A02_B11	NA2
44__EXTvDNAels0022A01_H02	Mus
H2825__vDNAhei1326E12_H06	NA1
2549_007__vDNAcad1066F06_A04	EA
17_109_47__vDNAcad1067F07_C06	EA
PI_318684__BIvDNAgut0026C02_A11	NA1
8.6.81__EXTvDNAbar0002B03_D11	Vv
8.14.187__EXTvDNAbar0003C04_E03	Vv
S1611__vDNAhei1332F06_B10	NA2
V_cinerea_B9__vDNArei092H08_H12	NA2
PI_483161__BIvDNAgut0032C08_A03	NA2
Y213.003__BIvDNAnae0015B03_C01	NA1
DVIT0843_0000F__BIvDNAara1100A04_B11	Vv
208__EXTvDNAels0023A02_D11	Mus
Unkx13_101_67__Screenhouse-Plate1_H06	NA1
E057__vDNAlon1138F06_C08	NA1
PI_588420.d__BIvDNAgut0037D01_D06	EA
160x271_926__vDNAlon506A10_B12	NA1
A1Y1_26RT__vDNAlon916B03_C09	NA1
H1511__vDNAhei1322E08_H08	NA1
PI_588260__BIvDNAgut0030C06_H10	NA1
588634__vDNAlon096H12_G03	EA
2242.0008A__BIvDNAara0066F06_F05	Mus
Chard__vDNAlon787A12_E03	Vv
160x271_768__vDNAlon505A09_B03	NA1
215__EXTvDNAels0023A02_C12	Mus
PI_588271__BIvDNAgut0032C08_G04	NA1
17_109_14__vDNAcad1067F07_G10	EA
2234.0006A__BIvDNAara0069A03_C12	NA2
Chardonnay__vDNAsap1563E03_H03	Vv
VIL8__EXTvDNAWOR0047A01_E04	Mus
127__EXTvDNAels0023A02_B01	Mus
E159__vDNAlon1139F07_D01	NA1
2006.0003A__BIvDNAara0065F05_B08	EA
160x271_810__vDNAlon505A09_D08	NA1
PI_597257__BIvDNAgut0034C10_G08	EA
2010-167__vDNAwor1522F06_H10	Mus
B02-5__EXTvDNAsca1439D04_D01	NA2
588216__vDNAlon096H12_C08	NA2
2010-171__vDNAwor1522F06_D11	Mus
129__EXTvDNAels0023A02_D01	Mus
DVIT0542_0000C__BIvDNAara1075G03_D10	Vv
588629__vDNAlon096H12_B05	EA
S0723__vDNAhei1330F04_G11	NA2
PI_588639__BIvDNAgut0034C10_F02	EA
PI_588177__BIvDNAgut0026C02_F09	Vv
ANA6_2__EXTvDNAWOR0048A02_B04	Mus
Thomas__Muscadine_Plate1_E01	Mus
Unkx13_101_11__Screenhouse-Plate1_B01	NA1
Sultanina.Monococo__EXTvDNAbar0006A01_C09	Vv
2218.0018A__BIvDNAara0067A01_A10	NA2
378__EXTvDNAels0025A04_H08	Mus
8.6.73__EXTvDNAbar0002B03_D07	Vv
160x271_903__vDNAlon506A10_F08	NA1
S0605__vDNAhei1330F04_G08	NA2
17_109_13__vDNAcad1067F07_F10	EA
160x271_880__vDNAlon506A10_G05	NA1
588271__vDNAlon505A09_D09	NA1
Crimson__EXTvDNAbar0007B03_C10	Vv
K0755__vDNAhei1307D05_C10	Vv
2218.0016A__BIvDNAara0067A01_G09	NA2
3309C_4__vDNAfen1153A07_F05	NA1
Sanalba__Muscadine_Plate1_H10	Mus
160x271_894__vDNAlon506A10_E07	NA1
2241.0012A__BIvDNAara0066F06_G04	Mus
Deutschheim_Mystery1__vDNAlon1201F02_D10	NA1
S1714__vDNAhei1333F07_G01	NA2
ND_1_99_15__vDNAhat908A07_G05	NA1
VRW_003__vDNAfen201A01_D04	NA1
RS_44__EXTvDNAhau1398G06_A09	Vv
PI_588197__BIvDNAgut0031C07_F05	NA2
AM189__Muscadine_Plate3_H03	Mus
588637__vDNAcad441D05_C05	EA
588406__vDNAlon095H11_H09	NA1
S1427__vDNAhei1332F06_C05	NA1
55__EXTvDNAels0022A01_C04	Mus
483147_023__vDNAcad1069F09_G02	NA2
1961.0000C__BIvDNAara0065F05_B10	NA2
E233__vDNAlon1140F08_G05	NA1
588637__vDNAlon787A12_C08	EA
1920.0000A__BIvDNAara0065F05_A12	NA2
PI_588165__BIvDNAgut0026C02_H09	NA2
19-19_02__vDNAcad1068F08_F02	NA2
ND_1_99_49__vDNAhat908A07_D10	NA1
160x271_877__vDNAlon506A10_D05	NA1
PI_588384__BIvDNAgut0035C11_B09	NA1
588678__vDNAlon096H12_G08	NA2
160x271_785__vDNAlon505A09_C05	NA1
Merlot__vDNAlon1140F08_H10	Vv
PI_588385__BIvDNAgut0035C11_A12	EA
17_109_12__vDNAcad1067F07_E10	EA
B32_94__vDNAled565B03_G09	Vv
E097__vDNAlon1139F07_E09	NA1
0414.0000W__BIvDNAara0048D12_D05	Vv
588630__vDNAlon096H12_C04	EA
1701_93__EXTvDNAWOR0048A02_G01	Mus
E206__vDNAlon1140F08_H02	NA1
2006.0005A__BIvDNAara0065F05_C08	EA
2005.0010A__BIvDNAara0065F05_G10	EA
1156.0003A__BIvDNAara0065F05_E08	EA
588636__vDNAlon096H12_G04	EA
S1814__vDNAhei1333F07_A05	NA2
17_109_27__vDNAcad1067F07_B12	EA
PI_588213__BIvDNAgut0026C02_H01	NA1
588446__vDNAlon787A12_H07	NA2
E213__vDNAlon1140F08_G03	NA1
PI_588220__BIvDNAgut0031C07_E01	NA2
Jumbo__Muscadine_Plate1_G07	Mus
S3718__vDNAhei1336F10_F12	NA1
DVIT2732__vDNAcad796B09_D09	EA
E129__vDNAlon1139F07_A05	NA1
588633__vDNAlon096H12_A05	EA
Scuppernong__Muscadine_Plate2_A01	Mus
E194__vDNAlon1140F08_D01	NA1
588635__vDNAcad441D05_A05	EA
588186__vDNAlon096H12_B07	NA2
2216.0006A__BIvDNAara0053E05_F12	NA2
PI_588341__BIvDNAgut0028C04_C05	NA2
B24-10__EXTvDNAsca1443D08_F06	NA2
17_109_36__vDNAcad1065F05_C02	EA
588635__vDNAlon787A12_B08	EA
2261.0000C__BIvDNAara0065F05_G04	Vv
PI_588173__BIvDNAgut0027C03_F04	NA2
S0511__vDNAhei1330F04_G07	NA2
2244.0003A__BIvDNAara0065F05_E12	Mus
588271__vDNAfen1148A02_D02	NA1
ND_1_99_45__vDNAhat908A07_H09	NA1
PI_597145__BIvDNAgut0028C04_D09	NA1
E078__vDNAlon1138F06_G10	NA1
588060__vDNAlon096H12_A10	EA
PI_483169__BIvDNAgut0032C08_B03	NA1
2217.0006A__BIvDNAara0067A01_E08	NA2
588632__vDNAlon096H12_H04	EA
ValleyPearl__vDNAlon787A12_A01	Vv
d3s36__vDNAdia1360D09_D05	NA2
17_109_38__vDNAcad1065F05_F07	EA
PI_588460__BIvDNAgut0030C06_F06	NA2
PI_588353__BIvDNAgut0031C07_D04	NA1
AM92__Muscadine_Plate3_E03	Mus
483161__vDNAlon095H11_H02	NA2
S1509__vDNAhei1332F06_G06	NA2
8__EXTvDNAels0022A01_C01	Mus
160x271_822__vDNAlon505A09_E10	NA1
PI_588711__BIvDNAgut0034C10_H12	NA1
2006.0001A__BIvDNAara0065F05_H07	EA
588639__vDNAcad441D05_D05	EA
PI_594348__BIvDNAgut0035C11_G03	EA
E136__vDNAlon1139F07_B04	NA1
vin7__vDNAcad1516F07_B10	Vv
A2Y1_C192L__vDNAlon917B04_H11	Vv
DVIT0707_0000D__BIvDNAara1102A06_G05	Vv
483147_026__vDNAcad1069F09_B03	NA2
S2204__vDNAhei1334F08_C03	NA2
H2637__vDNAhei1326E12_A01	NA2
DVIT2080_0000B__BIvDNAara1101A05_F10	NA2
588638__vDNAlon096H12_B04	EA
C56_11__vDNAled564B02_E02	Vv
L0631__vDNAhei1313D11_G12	Vv
E043__vDNAlon1138F06_H05	NA1
CL15RT__vDNAlon913A12_G02	NA1
Y136-20-13__BIvDNAnae0002A02_H05	Vv
Flame_Seedless__Muscadine_Plate1_B11	Vv
H3323__vDNAhei1327F01_C11	NA2
PI_588631__BIvDNAgut0033C09_H10	EA
PI_588400__BIvDNAgut0031C07_D02	NA1
S1829__vDNAhei1333F07_H06	NA2
2010-214__vDNAwor1520F04_G04	Mus
E126__vDNAlon1139F07_D05	NA1
S5620__vDNAhei1339G01_H09	NA2
337__EXTvDNAels0025A04_F03	Mus
S3405__vDNAhei1336F10_D06	NA2
160x271_794__vDNAlon505A09_D06	NA1
2233.0007A__BIvDNAara0069A03_B11	NA2
S1606__vDNAhei1332F06_E09	NA2
17_109_43__vDNAcad1067F07_F02	EA
2237.0005A__BIvDNAara0067A01_G01	NA1
AM187__Muscadine_Plate3_H01	Mus
160x271_902__vDNAlon506A10_E08	NA1
S3919__vDNAhei1337F11_E04	NA1
17_109_01__vDNAcad1067F07_B09	EA
160x271_924__vDNAlon506A10_H11	NA1
2217.0007A__BIvDNAara0067A01_F08	NA2
17_109_24__vDNAcad1067F07_G11	EA
CL57RT__vDNAlon913A12_A08	NA1
588385__vDNAcad441D05_B06	EA
0608.0000C__BIvDNAara0050E02_H04	Vv
2220.0002A__BIvDNAara0067A01_E10	NA2
PI_597292__BIvDNAgut0035C11_D03	EA
H2411__vDNAhei1325E11_H03	NA1
588643__vDNAlon096H12_E09	EA
2006-075__vDNAwor1641A04_D10	Mus
588640__vDNAlon096H12_E04	EA
E196__vDNAlon1140F08_F01	NA1
ANA10_2__EXTvDNAWOR0048A02_B06	Mus
DVIT1652.0000C__BIvDNAara1092H08_E06	Vv
YCY5__EXTvDNAWOR0048A02_D11	Mus
V_riparia37__vDNAfen136D04_G04	NA1
160x271_829__vDNAlon505A09_D11	NA1
S1620__vDNAhei1332F06_G10	NA2
lon094A12__vDNAlon787A12_A11	NA1
160x271_851__vDNAlon506A10_B02	NA1
2010-109__vDNAwor1522F06_A03	Mus
VR_C166__EXTvDNAsvy1639B09_C10	EA
PI_588685__BIvDNAgut0039D03_F09	NA2
VR37__vDNAfen1153A07_H02	NA1
588382__vDNAlon096H12_C05	EA
PI_588367__BIvDNAgut0028C04_H07	NA1
588631__vDNAlon096H12_D04	EA
588460__vDNAlon096H12_D09	NA2
Palomino__Muscadine_Plate3_G11	Vv
E146__vDNAlon1139F07_A03	NA1
V_cinerea_B9__vDNArei092H08_H11	NA2
S3505__vDNAhei1336F10_C08	NA2
179__EXTvDNAels0023A02_G07	Mus
Y126-212__BIvDNAnae0004A04_C01	Vv
6.24.36__EXTvDNAbar0001A02_H01	Vv
DVIT2027__vDNAlon787A12_H02	EA
DVIT0533_0000I__BIvDNAara1075G03_E09	Vv
160x271_940__vDNAfen201A01_H05	NA1
S3212__vDNAhei1336F10_A03	NA2
8.14.182__EXTvDNAbar0003C04_D12	Vv
2010-095__vDNAwor1522F06_C01	Mus
160x271_900__vDNAlon506A10_C08	NA1
160x271_920__vDNAlon506A10_D11	NA1
PI_588374__BIvDNAgut0030C06_F12	NA1
j5371__EXTvDNAZYP0038A04_B04	EA
S0302__vDNAhei1330F04_E04	NA2
394__EXTvDNAels0025A04_H10	Mus
E211__vDNAlon1140F08_E03	NA1
E058__vDNAlon1138F06_D08	NA1
1400.0000C__BIvDNAara0072A06_D03	NA1
d11s50__vDNAdia1368E05_E07	NA1
1156.0002A__BIvDNAara0065F05_D08	EA
1156.0006A__BIvDNAara0065F05_H08	EA
j5371__EXTvDNAZYP0037A03_F03	EA
d15s69__vDNAdia1372E09_F09	NA1
1159.0004A__BIvDNAara0065F05_F07	EA
1159.0006A__BIvDNAara0065F05_G07	EA
48__EXTvDNAels0022A01_D03	Mus
161__EXTvDNAels0023A02_E05	Mus
252__EXTvDNAels0024A03_B05	Mus
261__EXTvDNAels0024A03_B06	Mus
246__EXTvDNAels0024A03_D04	Mus
287__EXTvDNAels0024A03_D09	Mus
297__EXTvDNAels0024A03_F10	Mus
282__EXTvDNAels0024A03_G08	Mus
d17s12__vDNAdia1374E11_D02	Mus
d17s8__vDNAdia1374E11_H01	Mus
1740.0000D__BIvDNAara0072A06_B08	Mus
1762.0000D__BIvDNAara0072A06_C10	Mus
2183.0000B__BIvDNAara0073A07_A01	Mus
F2_3__EXTvDNAbab0040A01_C02	Mus
F2_11__EXTvDNAbab0040A01_C03	Mus
F2_85__EXTvDNAbab0040A01_E12	Mus
PAF2_1__EXTvDNAbab0041A02_A05	Mus
PAF2_50__EXTvDNAbab0041A02_B11	Mus
PAF2_58__EXTvDNAbab0041A02_B12	Mus
F2_95__EXTvDNAbab0041A02_D02	Mus
F2_112__EXTvDNAbab0041A02_E04	Mus
PAF2_37__EXTvDNAbab0041A02_E09	Mus
Pine_1__EXTvDNAbab0041A02_G04	Mus
F2_91__EXTvDNAbab0041A02_H01	Mus
Tarheel_03__EXTvDNAWOR0029A03_A11	Mus
Magoon_18__EXTvDNAWOR0029A03_D03	Mus
Tarheel_14__EXTvDNAWOR0029A03_D12	Mus
Magoon_52__EXTvDNAWOR0029A03_G07	Mus
Tarheel_18__EXTvDNAWOR0029A03_G12	Mus
Tarheel_02__EXTvDNAWOR0029A03_H10	Mus
Tarheel_33__EXTvDNAWOR0030A04_A03	Mus
Tarheel_49__EXTvDNAWOR0030A04_A05	Mus
Tarheel_34__EXTvDNAWOR0030A04_B03	Mus
Tarheel_35__EXTvDNAWOR0030A04_C03	Mus
Tarheel_70__EXTvDNAWOR0030A04_E07	Mus
Tarheel_90__EXTvDNAWOR0030A04_E09	Mus
Tarheel_63__EXTvDNAWOR0030A04_G06	Mus
17_2_8__EXTvDNAWOR0031A05_A03	Mus
17_2_80__EXTvDNAWOR0031A05_B08	Mus
17_2_53__EXTvDNAWOR0031A05_D06	Mus
17_2_104__EXTvDNAWOR0031A05_D10	Mus
17_2_12__EXTvDNAWOR0031A05_E03	Mus
17_2_86__EXTvDNAWOR0031A05_F08	Mus
17_2_25__EXTvDNAWOR0031A05_G04	Mus
17_2_167__EXTvDNAWOR0033A07_B05	Mus
Parent_SouthernHome__EXTvDNAWOR0033A07_D01	Mus
2735.0009A__BIvDNAara0073A07_F03	Mus
SC87__vDNAdia1622B02_A12	EA
SC81__vDNAdia1622B02_C11	EA
SC89__vDNAdia1622B02_C12	EA
SC82__vDNAdia1622B02_D11	EA
SC83__vDNAdia1622B02_E11	EA
SC84__vDNAdia1622B02_F11	EA
SC85__vDNAdia1622B02_G11	EA
SC86__vDNAdia1622B02_H11	EA
PI_588465__BIvDNAgut0034C10_E02	EA
588465__vDNAlon095H11_B07	EA
2026.0000B__BIvDNAara0073A07_A05	EA
2027.0000B__BIvDNAara0073A07_B05	EA
2028.0000B__BIvDNAara0073A07_C05	EA
2031.0000D__BIvDNAara0073A07_E05	EA
2032.0000C__BIvDNAara0073A07_F05	EA
2033.0000C__BIvDNAara0073A07_G05	EA
d14s4__vDNAdia1371E08_D01	EA
d18s47__vDNAdia1375E12_G06	EA
1268.0000C__BIvDNAara0071A05_E07	NA1
d11s35__vDNAdia1368E05_C05	NA1
Mission__BIvDNAara0040D04_G04	Vv
0679.0000C__BIvDNAara0041D05_C07	Vv
0799.0000C__BIvDNAara0042D06_B05	Vv
0766.0000C__BIvDNAara0042D06_H01	Vv
0900.0000C__BIvDNAara0043D07_E01	Vv
1012.0000C__BIvDNAara0044D08_A04	Vv
1021.0000C__BIvDNAara0044D08_A05	Vv
1033.0000C__BIvDNAara0044D08_C06	Vv
1006.0000C__BIvDNAara0044D08_D03	Vv
0671.0000C__BIvDNAara0045D09_C03	Vv
0737.0000C__BIvDNAara0045D09_H04	Vv
3153.0000A__BIvDNAara0046D10_B08	Vv
0367.0000C__BIvDNAara0050E02_E11	Vv
1130.0000A__BIvDNAara0050E02_F03	Vv
1802.0000D__BIvDNAara0051E03_C09	Vv
0353.0000C__BIvDNAara0051E03_E06	Vv
2512.0000B__BIvDNAara0052E04_E01	Vv
2750.0000A__BIvDNAara0052E04_H10	Vv
2920.0000A__BIvDNAara0053E05_D04	Vv
1121.0000A__BIvDNAara0053E05_D10	Vv
0699.0000E__BIvDNAara0053E05_F10	Vv
2900.0000B__BIvDNAara0053E05_H01	Vv
Mission__BIvDNAara0054E06_H06	Vv
Mission__BIvDNAara0059E11_H11	Vv
DVIT0579_0000C__BIvDNAara1074G02_F03	Vv
DVIT0464_0000C__BIvDNAara1075G03_C07	Vv
Plate3_A4_765__EXTvDNAmej0015A06_A04	Vv
Plate3_A12_1131__EXTvDNAmej0015A06_A12	Vv
Plate4_E4_1479__EXTvDNAmej0016A07_E04	Vv
Plate5_A5_452__EXTvDNAmej0017A08_A05	Vv
Plate5_F12_1672__EXTvDNAmej0017A08_F12	Vv
Plate6_G8_966__EXTvDNAmej0018A09_G08	Vv
Plate7_E10_18__EXTvDNAmej0019A10_E10	Vv
Plate7_F8_1936__EXTvDNAmej0019A10_F08	Vv
Plate7_G12_730__EXTvDNAmej0019A10_G12	Vv
Plate8_B3_906__EXTvDNAmej0020A11_B03	Vv
Plate8_C3_118__EXTvDNAmej0020A11_C03	Vv
Plate8_C10_999__EXTvDNAmej0020A11_C10	Vv
Plate8_E3_1411__EXTvDNAmej0020A11_E03	Vv
Plate8_G2_1434__EXTvDNAmej0020A11_G02	Vv
Plate8_G6_1695__EXTvDNAmej0020A11_G06	Vv
Plate9_H12_1309__EXTvDNAmej0021A12_H12	Vv
2098.0000E__BIvDNAara0069A03_B05	NA2
1844.0000A__BIvDNAara0069A03_B09	NA2
2365.0000C__BIvDNAara0068A02_D05	NA2
1820.0000C__BIvDNAara0070A04_C05	NA2
1648.0000C__BIvDNAara0070A04_D12	NA2
d3s22__vDNAdia1360D09_F03	NA2
2371.0000B__BIvDNAara0068A02_C03	NA2
1601.0000C__BIvDNAara0071A05_B03	NA2
1639.0000C__BIvDNAara0071A05_D03	NA2
0087.0000C__BIvDNAara0070A04_E02	NA2
0042.0000B__BIvDNAara0070A04_F01	NA2
0102.0000C__BIvDNAara0070A04_F02	NA2
1391.0000C__BIvDNAara0070A04_F03	NA2
PI_588371__BIvDNAgut0031C07_G05	NA2
