sample	clade	PC1	PC2
0042.0000B__BIvDNAara0070A04_F01	NA2	-4.809713992975601	-12.556896750080051
0087.0000C__BIvDNAara0070A04_E02	NA2	-5.374578758598264	-15.233246451797756
0102.0000C__BIvDNAara0070A04_F02	NA2	-5.345257293425155	-14.339671010846086
0353.0000C__BIvDNAara0051E03_E06	Vv	-10.88717929540774	16.865663760456304
0357.0000C__BIvDNAara0048D12_A11	Vv	-13.323904543334367	20.30893824504513
0367.0000C__BIvDNAara0050E02_E11	Vv	-9.521640722542445	13.468438139682755
0414.0000W__BIvDNAara0048D12_D05	Vv	-12.873557674966428	19.646330253459443
0608.0000C__BIvDNAara0050E02_H04	Vv	-12.882147276153702	20.064243311290827
0671.0000C__BIvDNAara0045D09_C03	Vv	-3.2474371108403246	5.114699959191341
0679.0000C__BIvDNAara0041D05_C07	Vv	-11.401712580352541	18.038399350559466
0699.0000E__BIvDNAara0053E05_F10	Vv	-10.78438578592001	15.780460547219175
0737.0000C__BIvDNAara0045D09_H04	Vv	-10.018362317957903	15.698591224038005
0766.0000C__BIvDNAara0042D06_H01	Vv	-8.221856780943394	13.042759971922454
0799.0000C__BIvDNAara0042D06_B05	Vv	-8.836934802343622	14.321776862913241
0900.0000C__BIvDNAara0043D07_E01	Vv	-3.2202590092431675	5.202261819003082
1006.0000C__BIvDNAara0044D08_D03	Vv	-10.216198407712444	15.454836848969768
1012.0000C__BIvDNAara0044D08_A04	Vv	-10.267374247064566	15.56837277199581
1021.0000C__BIvDNAara0044D08_A05	Vv	-10.449867810558949	15.76368385315767
1033.0000C__BIvDNAara0044D08_C06	Vv	-10.67914183456306	16.47973362998945
1121.0000A__BIvDNAara0053E05_D10	Vv	-10.114964603616816	16.14665778162377
1130.0000A__BIvDNAara0050E02_F03	Vv	-8.92527314055863	14.006755755240142
1156.0002A__BIvDNAara0065F05_D08	EA	-5.719459644158731	4.009347671672661
1156.0003A__BIvDNAara0065F05_E08	EA	-17.73438749404196	8.212353312264813
1156.0005A__BIvDNAara0065F05_G08	EA	-17.17172797235229	8.203741426257098
1156.0006A__BIvDNAara0065F05_H08	EA	-4.534901978350565	3.413787011863555
1156.0010B__BIvDNAara0065F05_B09	EA	-17.322179147856097	8.021424028474486
1156.0011A__BIvDNAara0065F05_C09	EA	-16.844427841610234	7.878877459239459
1156.0012A__BIvDNAara0065F05_D09	EA	-16.97022151097389	7.602435266044987
1159.0003A__BIvDNAara0065F05_E07	EA	-16.403952474300997	7.629850471772045
1159.0004A__BIvDNAara0065F05_F07	EA	-5.784685940489581	4.164416930376532
1159.0006A__BIvDNAara0065F05_G07	EA	-16.683467583252625	7.762620162361032
1159.0010A__BIvDNAara0053E05_H11	EA	-16.71093523319719	8.24301527402034
116__EXTvDNAels0022A01_G11	Mus	53.417792620597986	14.732731067167638
1268.0000C__BIvDNAara0071A05_E07	NA1	-1.3370877738279487	-14.259602567284917
127__EXTvDNAels0023A02_B01	Mus	53.64320884817152	14.869115597558967
129__EXTvDNAels0023A02_D01	Mus	53.22469964537844	14.459214975239783
1391.0000C__BIvDNAara0070A04_F03	NA2	-1.8320961469380885	-6.4212801833637005
1400.0000C__BIvDNAara0072A06_D03	NA1	-1.4281804892531005	-14.690103238091233
1601.0000C__BIvDNAara0071A05_B03	NA2	-1.319804080973075	-5.655555494109705
160x271_763__vDNAlon505A09_E02	NA1	-3.664811831595812	-33.167832255717606
160x271_768__vDNAlon505A09_B03	NA1	-4.852720191406601	-36.32151943122611
160x271_785__vDNAlon505A09_C05	NA1	-3.4831740513036586	-32.12129688283075
160x271_794__vDNAlon505A09_D06	NA1	-3.501586601326196	-33.97910163388204
160x271_810__vDNAlon505A09_D08	NA1	-3.995357303026501	-35.878544030554515
160x271_822__vDNAlon505A09_E10	NA1	-3.52396638949533	-33.7193922273304
160x271_829__vDNAlon505A09_D11	NA1	-4.893458387759174	-40.432697425430355
160x271_838__vDNAlon505A09_E12	NA1	-4.05116117971025	-36.352833103976955
160x271_851__vDNAlon506A10_B02	NA1	-3.8907446754185795	-36.03862803548057
160x271_854__vDNAlon506A10_E02	NA1	-3.851276565251407	-35.166386931375776
160x271_856__vDNAlon506A10_G02	NA1	-4.264571624840542	-35.975319902999274
160x271_877__vDNAlon506A10_D05	NA1	-3.82024991649537	-35.18334756115041
160x271_880__vDNAlon506A10_G05	NA1	-4.5652974569430755	-39.36456008428568
160x271_894__vDNAlon506A10_E07	NA1	-3.616529346724015	-32.364942491092144
160x271_900__vDNAlon506A10_C08	NA1	-4.826339993505306	-39.07210968225121
160x271_902__vDNAlon506A10_E08	NA1	-3.946541168988083	-34.47186752727112
160x271_903__vDNAlon506A10_F08	NA1	-3.1627335341321543	-31.537399633808416
160x271_920__vDNAlon506A10_D11	NA1	-3.5907010298450914	-35.89565092323473
160x271_924__vDNAlon506A10_H11	NA1	-3.6253919356805913	-34.98852947100363
160x271_926__vDNAlon506A10_B12	NA1	-4.158702358277128	-36.661757024572
160x271_930__vDNAlon506A10_F12	NA1	-3.7465222689119027	-33.77221046244677
160x271_940__vDNAfen201A01_H05	NA1	-3.1322193827842675	-31.5770695732774
161__EXTvDNAels0023A02_E05	Mus	53.5830975815234	14.692186138190356
1639.0000C__BIvDNAara0071A05_D03	NA2	-1.840695290304384	-8.794889105921271
1648.0000C__BIvDNAara0070A04_D12	NA2	-1.3041718639277704	-8.905713720585565
1701_75__EXTvDNAWOR0048A02_F09	Mus	51.14009567338977	14.187121117456265
1701_93__EXTvDNAWOR0048A02_G01	Mus	50.112840746188915	13.833107567172604
17_109_01__vDNAcad1067F07_B09	EA	-15.182120524862086	7.482623109018699
17_109_08__vDNAcad1067F07_A10	EA	-15.95111925646859	7.634621865070285
17_109_10__vDNAcad1067F07_C10	EA	-16.80364984071365	7.640375896716306
17_109_11__vDNAcad1067F07_D10	EA	-17.032697093550485	7.757892530709446
17_109_12__vDNAcad1067F07_E10	EA	-15.482542979428478	6.685214360949664
17_109_13__vDNAcad1067F07_F10	EA	-17.09120785175456	8.255601663890543
17_109_14__vDNAcad1067F07_G10	EA	-15.726040811099278	7.3326643564145035
17_109_24__vDNAcad1067F07_G11	EA	-14.954048025160134	6.997532826862912
17_109_27__vDNAcad1067F07_B12	EA	-17.17679819476767	7.350758250083734
17_109_36__vDNAcad1065F05_C02	EA	-16.995304233246316	8.405739897879334
17_109_38__vDNAcad1065F05_F07	EA	-17.001052119204523	7.584162971809624
17_109_39__vDNAcad1065F05_B11	EA	-16.22297603408279	8.372030859375602
17_109_40__vDNAcad1066F06_H05	EA	-15.839165229857747	7.678798624853393
17_109_41__vDNAcad1066F06_F08	EA	-17.201368946199118	7.696505798119687
17_109_43__vDNAcad1067F07_F02	EA	-17.177599995706675	7.877000326065775
17_109_44__vDNAcad1067F07_G02	EA	-15.776512102600273	6.820355678636735
17_109_47__vDNAcad1067F07_C06	EA	-14.209352603285714	7.004767644390913
17_2_104__EXTvDNAWOR0031A05_D10	Mus	46.284989615029694	12.545804694162836
17_2_12__EXTvDNAWOR0031A05_E03	Mus	47.37645928862779	12.921604357776067
17_2_167__EXTvDNAWOR0033A07_B05	Mus	49.09200820884137	13.252319481581525
17_2_25__EXTvDNAWOR0031A05_G04	Mus	47.670007852767135	12.953937879267608
17_2_53__EXTvDNAWOR0031A05_D06	Mus	46.966244907359346	13.061925539558851
17_2_80__EXTvDNAWOR0031A05_B08	Mus	48.88664968240328	13.50202976145872
17_2_86__EXTvDNAWOR0031A05_F08	Mus	49.46279456422584	13.536323559080037
17_2_8__EXTvDNAWOR0031A05_A03	Mus	51.909927705143105	14.542795719365328
1740.0000D__BIvDNAara0072A06_B08	Mus	19.43615207722879	4.354396196003046
1762.0000D__BIvDNAara0072A06_C10	Mus	20.742270534225543	5.268651200032538
179__EXTvDNAels0023A02_G07	Mus	52.76494276009631	14.3295486719062
1802.0000D__BIvDNAara0051E03_C09	Vv	-9.11337700489049	13.639233068212294
1820.0000C__BIvDNAara0070A04_C05	NA2	-5.184321105709221	-13.555700543496286
1844.0000A__BIvDNAara0069A03_B09	NA2	-5.591219696923384	-15.17812459502678
187__EXTvDNAels0023A02_G08	Mus	52.887051091869075	14.385507010742595
19-19_02__vDNAcad1068F08_F02	NA2	-5.81758429513245	-19.654503225104992
1920.0000A__BIvDNAara0065F05_A12	NA2	-6.083534856750966	-17.463880247041235
1961.0000C__BIvDNAara0065F05_B10	NA2	-5.714843839103819	-17.487899900754254
2005.0006A__BIvDNAara0065F05_F10	EA	-17.31389137042298	6.99006387319879
2005.0010A__BIvDNAara0065F05_G10	EA	-17.61492514356324	8.195287313386052
2006.0001A__BIvDNAara0065F05_H07	EA	-15.713184934967277	7.411694162576989
2006.0003A__BIvDNAara0065F05_B08	EA	-16.872794912670532	7.7538776841540535
2006.0005A__BIvDNAara0065F05_C08	EA	-14.645474556672223	6.963229651320851
2006-047__vDNAwor1641A04_A07	Mus	51.013294645298394	15.008720436522754
2006-075__vDNAwor1641A04_D10	Mus	49.960662759613136	14.95779400594817
2006-155__vDNAwor1640H03_H07	Mus	48.76846576886724	14.303764234038795
2010-095__vDNAwor1522F06_C01	Mus	47.50046705852179	12.99845246800113
2010-098__vDNAwor1522F06_F01	Mus	51.14970750856616	14.88308658972764
2010-104__vDNAwor1522F06_D02	Mus	51.57333119267444	14.383852471878114
2010-109__vDNAwor1522F06_A03	Mus	51.59518289761467	13.09921882798414
2010-167__vDNAwor1522F06_H10	Mus	46.82852532267916	13.103500506901435
2010-171__vDNAwor1522F06_D11	Mus	49.401508730410995	15.154586471227532
2010-214__vDNAwor1520F04_G04	Mus	46.773619845329705	15.925007202548032
2026.0000B__BIvDNAara0073A07_A05	EA	-4.765097794877008	3.5254149605052647
2027.0000B__BIvDNAara0073A07_B05	EA	-4.305491357517953	2.7284332771910367
2028.0000B__BIvDNAara0073A07_C05	EA	-5.476591882094064	2.873792451941548
2031.0000D__BIvDNAara0073A07_E05	EA	-3.466869902232287	2.662466355622864
2032.0000C__BIvDNAara0073A07_F05	EA	-5.175404007491841	2.6052653188182755
2033.0000C__BIvDNAara0073A07_G05	EA	-5.364081515024898	4.416234896026688
206__EXTvDNAels0023A02_B11	Mus	52.48075523441043	14.152461339045539
208__EXTvDNAels0023A02_D11	Mus	52.46310707026516	14.322337768601205
2098.0000E__BIvDNAara0069A03_B05	NA2	-5.764798844365577	-15.509094247859702
215__EXTvDNAels0023A02_C12	Mus	53.293484029103084	14.781638026420035
2183.0000B__BIvDNAara0073A07_A01	Mus	16.960009157151134	4.209460738661882
2202.0009A__BIvDNAara0069A03_A05	NA1	-4.802427367841675	-36.65297595525142
2203.0004A__BIvDNAara0068A02_B11	NA2	-3.937613607277372	-13.954483468035482
2215.0002A__BIvDNAara0067A01_E12	NA2	-6.373300909418436	-20.334039358746047
2216.0002A__BIvDNAara0068A02_F12	NA2	-6.637345860576145	-20.09135943402686
2216.0006A__BIvDNAara0053E05_F12	NA2	-6.44759556460126	-20.926372793485314
2217.0006A__BIvDNAara0067A01_E08	NA2	-6.090985452065616	-20.411995582580243
2217.0007A__BIvDNAara0067A01_F08	NA2	-6.110879205185717	-20.661611628834702
2217.0009A__BIvDNAara0067A01_G08	NA2	-6.0468253083747685	-21.031489476655075
2218.0016A__BIvDNAara0067A01_G09	NA2	-5.716561685180635	-20.087366850501486
2218.0018A__BIvDNAara0067A01_A10	NA2	-5.998806375309471	-19.73013440738634
2220.0002A__BIvDNAara0067A01_E10	NA2	-6.217662512196926	-19.682311010231224
2224.0005A__BIvDNAara0067A01_A06	NA2	-6.615625956066447	-19.082368788716945
2228.0014A__BIvDNAara0067A01_B04	NA2	-4.9617354941111005	-18.07234045613004
2233.0007A__BIvDNAara0069A03_B11	NA2	-6.2887182676204265	-20.42317686072274
2234.0006A__BIvDNAara0069A03_C12	NA2	-5.987823503956104	-20.92545436038728
2237.0005A__BIvDNAara0067A01_G01	NA1	-4.863421591901554	-35.36718373825793
2241.0012A__BIvDNAara0066F06_G04	Mus	48.043467584340846	13.3129610229427
2242.0008A__BIvDNAara0066F06_F05	Mus	48.210344139227075	12.872652455512002
2244.0003A__BIvDNAara0065F05_E12	Mus	49.09929214691196	13.607459269493436
2261.0000C__BIvDNAara0065F05_G04	Vv	-28.04773725350364	38.19781383587236
2365.0000C__BIvDNAara0068A02_D05	NA2	-4.98369970373583	-16.298998178849626
2371.0000B__BIvDNAara0068A02_C03	NA2	-5.350234128118743	-15.031501563633656
246__EXTvDNAels0024A03_D04	Mus	54.012610003667575	14.73186997043333
2512.0000B__BIvDNAara0052E04_E01	Vv	-10.520073678516288	16.54813046077826
252__EXTvDNAels0024A03_B05	Mus	53.76871273110965	14.377110602621926
2549_007__vDNAcad1066F06_A04	EA	-16.207156242276554	7.41503572004959
261__EXTvDNAels0024A03_B06	Mus	52.7136143880346	14.323691248040538
2735.0009A__BIvDNAara0073A07_F03	Mus	18.227924340195045	3.847486496067357
2750.0000A__BIvDNAara0052E04_H10	Vv	-11.735649174329359	18.59929448954966
282__EXTvDNAels0024A03_G08	Mus	53.887213606626	14.780979704151065
287__EXTvDNAels0024A03_D09	Mus	53.28004255928625	14.308358354502248
2900.0000B__BIvDNAara0053E05_H01	Vv	-9.821133230788341	14.972857851011213
2920.0000A__BIvDNAara0053E05_D04	Vv	-10.312638258854252	15.531032336440246
297__EXTvDNAels0024A03_F10	Mus	53.65784111694668	14.637837495532041
3153.0000A__BIvDNAara0046D10_B08	Vv	-8.75420147191956	14.390549481612434
3309C_4__vDNAfen1153A07_F05	NA1	-3.8068373034468572	-26.082484431631897
337__EXTvDNAels0025A04_F03	Mus	52.27753228138509	14.12798794178407
378__EXTvDNAels0025A04_H08	Mus	53.07097022088981	14.358553987308156
394__EXTvDNAels0025A04_H10	Mus	52.95154370539587	14.154481431957354
44__EXTvDNAels0022A01_H02	Mus	54.017337263182775	14.904446816572296
483146__vDNAlon095H11_C04	NA2	-5.594179072862836	-14.680385443484363
483147_023__vDNAcad1069F09_G02	NA2	-5.35599666967503	-14.205637830843054
483147_026__vDNAcad1069F09_B03	NA2	-4.4358381965416225	-11.786967674693512
483161__vDNAlon095H11_H02	NA2	-5.556918191974882	-14.94387318069297
48__EXTvDNAels0022A01_D03	Mus	52.97887887164389	14.34751443880931
5.10.66__EXTvDNAbar0007B03_B11	Vv	-29.961937007114102	41.594343737435516
55__EXTvDNAels0022A01_C04	Mus	53.854839989340554	14.830964873748131
588060__vDNAlon096H12_A10	EA	-16.59412364336114	7.636607738476851
588143__vDNAlon096H12_B08	NA2	-6.272750242404101	-20.878359829774407
588186__vDNAlon096H12_B07	NA2	-6.532294213975139	-20.28291431014115
588197__vDNAlon096H12_F06	NA2	-6.3681215963121085	-20.23625158805674
588216__vDNAlon096H12_C08	NA2	-5.916455266711481	-20.08670332567891
588271__vDNAfen1148A02_D02	NA1	-5.552560897923937	-39.60849753806095
588271__vDNAlon505A09_D09	NA1	-4.6276136697075305	-35.490504835055226
588378__vDNAlon096H12_C02	NA1	-5.040013123985123	-34.97272075891798
588382__vDNAlon096H12_C05	EA	-17.255590784222747	8.67483347379284
588385__vDNAcad441D05_B06	EA	-17.227207359224536	7.47703346026935
588406__vDNAlon095H11_H09	NA1	-4.849594179957382	-36.310741209600415
588446__vDNAlon787A12_H07	NA2	-6.197621356344663	-20.356326155464597
588460__vDNAlon096H12_D09	NA2	-6.395991818334788	-20.506406588473663
588465__vDNAlon095H11_B07	EA	-16.18081965235889	7.0706980604996446
588629__vDNAcad441D05_D06	EA	-17.258734922839214	8.189457317853345
588629__vDNAlon096H12_B05	EA	-17.08037811404784	7.843479090335218
588630__vDNAlon096H12_C04	EA	-17.278883217610897	7.8350353256203285
588631__vDNAlon096H12_D04	EA	-17.501214700177307	8.005477013376426
588632__vDNAlon096H12_H04	EA	-17.70596473344885	8.425854297324108
588633__vDNAcad441D05_C06	EA	-17.561845863081953	7.957987811001064
588633__vDNAlon096H12_A05	EA	-17.3682576541278	7.926395318120438
588634__vDNAlon096H12_G03	EA	-17.752464787587925	7.751075900119009
588635__vDNAcad441D05_A05	EA	-17.454451189304653	8.127541320984518
588635__vDNAlon096H12_F03	EA	-17.467646270558568	8.367431786886717
588635__vDNAlon787A12_B08	EA	-17.397995754683045	8.240123413855052
588636__vDNAlon096H12_G04	EA	-17.183086185645543	7.62535383625151
588637__vDNAcad441D05_B05	EA	-17.55324954601994	7.816874345848555
588637__vDNAcad441D05_C05	EA	-16.306398024192845	7.57903315439536
588637__vDNAlon096H12_H03	EA	-17.41329085016624	7.64178423516537
588637__vDNAlon787A12_C08	EA	-17.53222990947771	7.878731784227314
588638__vDNAlon096H12_B04	EA	-17.738123324425917	8.233516985476102
588639__vDNAcad441D05_D05	EA	-17.534810923677757	7.62271997843349
588640__vDNAcad441D05_H05	EA	-17.444854059018887	8.061504618512457
588640__vDNAlon096H12_E04	EA	-17.464325751256943	7.925692345482086
588641__vDNAcad441D05_A06	EA	-17.71575481097785	7.376736267007295
588642__vDNAlon096H12_F09	EA	-16.33870601556671	7.587729390559243
588643__vDNAlon096H12_E09	EA	-16.250843588716734	6.874793747240887
588645__vDNAlon096H12_H09	EA	-16.009568427456333	7.6645328687425085
588678__vDNAlon096H12_G08	NA2	-6.182940656543495	-20.891350479870255
597232__vDNAlon096H12_A09	NA2	-6.222085561654032	-21.08119181424272
6.14.137__EXTvDNAbar0001A02_E11	Vv	-29.099764054247082	40.25275148041331
6.24.36__EXTvDNAbar0001A02_H01	Vv	-29.09393718501869	40.16922811576962
68__EXTvDNAels0022A01_H05	Mus	53.10601149485735	14.502548779586332
79__EXTvDNAels0022A01_B07	Mus	53.97249161511392	14.835288110170783
8.11.191__EXTvDNAbar0003C04_H11	Vv	-28.651867345290327	39.31853061690804
8.14.182__EXTvDNAbar0003C04_D12	Vv	-28.579350996091257	38.331560192974344
8.14.187__EXTvDNAbar0003C04_E03	Vv	-29.41562129906829	39.96036605587533
83__EXTvDNAels0022A01_F07	Mus	53.04219019023671	14.604787607213307
8.6.73__EXTvDNAbar0002B03_D07	Vv	-28.763100433596705	39.320630919936725
8.6.81__EXTvDNAbar0002B03_D11	Vv	-29.424648331147207	40.56631299316246
8__EXTvDNAels0022A01_C01	Mus	53.54913871753876	14.580961201149629
9.12.175__EXTvDNAbar0005H11_F12	Vv	-29.622396965310752	40.97528414670041
9.1.51__EXTvDNAbar0003C04_G06	Vv	-28.23382601674328	38.116771158850796
A1Y1_26RT__vDNAlon916B03_C09	NA1	-3.48043623897274	-30.469031193561104
A2Y1_C192L__vDNAlon917B04_H11	Vv	-23.87590662552376	34.00943429104191
A2Y1_C323L__vDNAlon918B05_A06	Vv	-27.802641394656618	39.645698989345455
A2Y1_C55L__vDNAlon917B04_C05	Vv	-26.33615015185017	38.490091631808504
AM131__Muscadine_Plate3_E08	Mus	50.17142555843902	13.79117320331016
AM187__Muscadine_Plate3_H01	Mus	50.68107358518983	13.917636680534175
AM189__Muscadine_Plate3_H03	Mus	50.88091909836338	14.042620288461016
AM92__Muscadine_Plate3_E03	Mus	51.30580453490061	14.147517314559641
ANA10_2__EXTvDNAWOR0048A02_B06	Mus	43.62700559597119	11.829923033281517
ANA6_2__EXTvDNAWOR0048A02_B04	Mus	44.829521653449056	12.042888037444161
Ark1212_46__EXTvDNAWOR0032A06_G09	Mus	48.57203937485432	13.173977775419228
Ark1214_21__EXTvDNAWOR0030A04_E11	Mus	50.32799727350152	13.710572150360127
AS_2_1__EXTvDNAhau1396G04_A01	Vv	-28.193665479429868	37.72530009188994
B02-5__EXTvDNAsca1439D04_D01	NA2	-6.5588310603799735	-18.021867528039902
B24-10__EXTvDNAsca1443D08_F06	NA2	-7.308651421761808	-18.07484065258299
B32_94__vDNAled565B03_G09	Vv	-28.443462310477894	39.41077250696316
B71-27__BIvDNAnae0001A01_C12	Vv	-28.950726097676778	40.24278532212485
C56_11__vDNAled564B02_E02	Vv	-23.528469105430545	34.19428973015133
CH1140-11__vDNAwor1521F05_E12	Mus	46.450731254984795	15.711128261365317
ChardonnaySelf1_A10__vDNAfen201A01_A10	Vv	-25.168452452492417	36.23916664612761
Chardonnay__vDNAsap1563E03_H03	Vv	-29.343109699950965	40.882244544838734
Chard__vDNAlon787A12_E03	Vv	-26.892116345771623	38.30581523957428
CINM__EXTvDNAsca1439D04_F09	NA2	-6.558165757534886	-20.708535615799935
CL15RT__vDNAlon913A12_G02	NA1	-3.5474782689553326	-30.84989548872052
CL57RT__vDNAlon913A12_A08	NA1	-3.7875642076801452	-34.16529038706779
Crimson__EXTvDNAbar0007B03_C10	Vv	-26.473780835242017	37.69351886948373
d11s35__vDNAdia1368E05_C05	NA1	-4.947302429377954	-36.593362023806414
d11s50__vDNAdia1368E05_E07	NA1	-4.994679140824648	-35.63564579319532
d14s4__vDNAdia1371E08_D01	EA	-17.19525083114256	7.735942165430285
d15s69__vDNAdia1372E09_F09	NA1	-5.471325714716126	-24.898243161996103
d17s12__vDNAdia1374E11_D02	Mus	47.0828830341659	13.075159131756685
d17s77__vDNAdia1374E11_E10	NA2	-5.537451798638036	-16.87878243523511
d17s8__vDNAdia1374E11_H01	Mus	52.01043106074241	14.161011793979835
d18s17__vDNAdia1375E12_A03	NA2	-6.297648264553211	-18.594402935746526
d18s47__vDNAdia1375E12_G06	EA	-16.78944012746195	7.685779669123013
d3s22__vDNAdia1360D09_F03	NA2	-6.5070471341964495	-19.363512434746706
d3s36__vDNAdia1360D09_D05	NA2	-6.847924287221138	-19.780746148329104
d3s93__vDNAdia1360D09_H12	NA2	-6.375078309569262	-18.81696176710746
Deutschheim_Mystery1__vDNAlon1201F02_D10	NA1	-4.114225026688334	-32.42358288830037
DVIT0400_0000D__BIvDNAara1073G01_B10	Vv	-22.39730368185137	32.90100293704376
DVIT0464_0000C__BIvDNAara1075G03_C07	Vv	-16.62177470724712	23.987956577302747
DVIT0497_0000C__BIvDNAara1075G03_D03	Vv	-16.773489302621787	26.038843212979852
DVIT0533_0000I__BIvDNAara1075G03_E09	Vv	-19.221297642094164	27.98601552691276
DVIT0538_0000F__BIvDNAara1076G04_E02	Vv	-22.131154673743254	32.51180786021419
DVIT0542_0000C__BIvDNAara1075G03_D10	Vv	-19.493001550018167	28.701609865889996
DVIT0567_0000D__BIvDNAara1074G02_A05	Vv	-22.117737675596985	32.508717410762415
DVIT0579_0000C__BIvDNAara1074G02_F03	Vv	-17.973334347261005	27.572934212546688
DVIT0704_0000C__BIvDNAara1102A06_F06	Vv	-23.034076048734562	33.01210398341242
DVIT0707_0000D__BIvDNAara1102A06_G05	Vv	-26.63622159232877	36.997557359331545
DVIT0820_0000C__BIvDNAara1100A04_G08	Vv	-18.07434397900319	26.177042634467906
DVIT0843_0000F__BIvDNAara1100A04_B11	Vv	-18.96479223265867	29.84796225061515
DVIT0853_0000C__BIvDNAara1100A04_C12	Vv	-19.376470307877156	29.49305313742848
DVIT1652.0000C__BIvDNAara1092H08_E06	Vv	-23.492733142842358	33.2586815500001
DVIT2027__vDNAlon787A12_H02	EA	-16.789718026813183	7.722064471008947
DVIT2080_0000B__BIvDNAara1101A05_F10	NA2	-4.102473363495362	-12.590201939472362
DVIT2112_0000B__BIvDNAara1076G04_B09	Vv	-28.547846679232368	40.288080445965285
DVIT2317_0000B__BIvDNAara1101A05_F08	Vv	-23.2215837688615	32.02056871546093
DVIT2323_0000A__BIvDNAara1076G04_H12	Vv	-25.428728881269798	36.43218436895768
DVIT2732__vDNAcad796B09_C09	EA	-17.084522848161598	8.213550587440762
DVIT2732__vDNAcad796B09_D09	EA	-17.14673373919471	8.25996697130761
E020__vDNAlon1138F06_C03	NA1	-4.395877869543199	-37.220898850337164
E041__vDNAlon1138F06_E05	NA1	-3.6664988585069684	-32.54614757784998
E043__vDNAlon1138F06_H05	NA1	-4.5088499048786765	-36.75259325984553
E057__vDNAlon1138F06_C08	NA1	-3.3649225026982434	-33.02466402741173
E058__vDNAlon1138F06_D08	NA1	-3.9294947489552174	-33.188446480100936
E064__vDNAlon1138F06_B09	NA1	-3.751485979713008	-33.38517469446625
E078__vDNAlon1138F06_G10	NA1	-4.849716315056663	-36.285520765693505
E086__vDNAlon1138F06_F11	NA1	-4.437653602003782	-35.95792323066022
E092__vDNAlon1139F07_B10	NA1	-5.218213523479608	-40.076881186057705
E097__vDNAlon1139F07_E09	NA1	-5.434800411924461	-40.70000185029197
E126__vDNAlon1139F07_D05	NA1	-5.204497133890508	-39.87564018379559
E129__vDNAlon1139F07_A05	NA1	-5.077403060958351	-38.73684276066284
E136__vDNAlon1139F07_B04	NA1	-4.936528259726753	-39.93693095384563
E146__vDNAlon1139F07_A03	NA1	-4.97368916945176	-40.521397181836846
E159__vDNAlon1139F07_D01	NA1	-4.951162859209352	-38.66063186597658
E194__vDNAlon1140F08_D01	NA1	-5.091660400744488	-40.86463156127383
E196__vDNAlon1140F08_F01	NA1	-5.1005302759698115	-39.08226785729052
E206__vDNAlon1140F08_H02	NA1	-5.751669327111643	-34.175362702025886
E211__vDNAlon1140F08_E03	NA1	-4.7251098436442245	-33.28877068735731
E213__vDNAlon1140F08_G03	NA1	-5.592085739980964	-35.9397689975784
E231__vDNAlon1140F08_F05	NA1	-4.923376671893979	-39.23031154878703
E233__vDNAlon1140F08_G05	NA1	-4.868411363184615	-36.88879896411574
EMPEROR__BIvDNAnae0003A03_E04	Vv	-28.900733979895584	40.39461607059863
F2_112__EXTvDNAbab0041A02_E04	Mus	50.40212208164744	14.258641312164027
F2_11__EXTvDNAbab0040A01_C03	Mus	43.23898914977271	11.932594392140588
F2_3__EXTvDNAbab0040A01_C02	Mus	43.34521723331519	11.727590763731673
F2_85__EXTvDNAbab0040A01_E12	Mus	46.09687118544312	13.204196467268439
F2_91__EXTvDNAbab0041A02_H01	Mus	49.63031814972219	13.824674449844009
F2_95__EXTvDNAbab0041A02_D02	Mus	49.707711745667126	13.50121508446406
Flame_Seedless__Muscadine_Plate1_B11	Vv	-20.57928236400444	28.170855553743444
H0607__vDNAhei1320E06_F01	NA2	-4.278898783656489	-18.732483491306287
H1511__vDNAhei1322E08_H08	NA1	-3.62659491282617	-30.87511596207854
H2411__vDNAhei1325E11_H03	NA1	-1.7003886531578063	-29.35860817909104
H2511__vDNAhei1325E11_E07	NA1	-3.897543315647982	-30.7749216231441
H2637__vDNAhei1326E12_A01	NA2	-4.706145394368424	-16.40147506809593
H2825__vDNAhei1326E12_H06	NA1	-3.128887380575951	-30.309705329536204
H3323__vDNAhei1327F01_C11	NA2	-5.896440389039775	-17.104414919180204
H4251__vDNAhei1330F04_H02	NA2	-1.9976874403987546	-10.54187493316644
j5371__EXTvDNAZYP0037A03_F03	EA	-12.88324852287312	8.024855559510076
j5371__EXTvDNAZYP0038A04_B04	EA	-11.787061472231859	7.475252051943185
Jumbo__Muscadine_Plate1_G07	Mus	49.34571269604687	13.421600199668058
K0755__vDNAhei1307D05_C10	Vv	-28.555561746326998	39.87308423090361
L0631__vDNAhei1313D11_G12	Vv	-28.0778904826246	38.69531311976617
L_07_67__BIvDNAara1100A04_F12	Vv	-22.143681130617974	32.70768851832469
L1240__vDNAhei1316E02_B08	Vv	-27.945263364082994	38.66140585096911
lab105__vDNAcad1516F07_H01	NA2	-4.318426566283208	-10.528090999154559
lab29__vDNAcad1517F08_E07	NA2	-5.746060403217196	-15.52498565778742
lab81__vDNAcad1516F07_H12	NA2	-5.885213946415541	-14.799396845057625
lon094A12__vDNAlon787A12_A11	NA1	-4.628775877172869	-34.51775824235226
M13__vDNAled779A04_B04	Vv	-28.439442615997645	39.85559516171803
Magoon_18__EXTvDNAWOR0029A03_D03	Mus	48.8857645240021	13.50060920902556
Magoon_52__EXTvDNAWOR0029A03_G07	Mus	48.30996684638471	13.368306042061358
Merlot__vDNAlon1140F08_H10	Vv	-28.24349315382862	37.567701181078476
Mission__BIvDNAara0040D04_G04	Vv	-9.4580232128589	14.888713079048465
Mission__BIvDNAara0054E06_H06	Vv	-8.95463197908957	13.762907899729475
Mission__BIvDNAara0059E11_H11	Vv	-8.083500749341898	13.00203340203773
ND_1_86_120__vDNAhat900H11_H02	NA1	-5.202128354705899	-35.968782385760115
ND_1_86_124__vDNAhat900H11_F03	NA1	-4.707702630605037	-36.13480123523376
ND_1_86_132__vDNAhat900H11_F04	NA1	-4.656455304974893	-34.54029703380275
ND_1_99_15__vDNAhat908A07_G05	NA1	-5.022907988599927	-33.99782220376254
ND_1_99_45__vDNAhat908A07_H09	NA1	-5.141423844600726	-35.556853621000414
ND_1_99_49__vDNAhat908A07_D10	NA1	-4.523745690380323	-34.905821358271304
Noble_UA__Muscadine_Plate1_H11	Mus	51.101651664044645	14.051655020736755
OKL7__EXTvDNAWOR0048A02_F04	Mus	33.362862924882634	9.034059420101382
P1__EXTvDNAhau0044A03_C03	Vv	-21.309417228968695	32.925303690676124
PAF2_1__EXTvDNAbab0041A02_A05	Mus	3.389851458953044	0.8319662755204121
PAF2_37__EXTvDNAbab0041A02_E09	Mus	53.39622347799376	14.734097519761553
PAF2_50__EXTvDNAbab0041A02_B11	Mus	46.27639520903197	12.705046256411128
PAF2_58__EXTvDNAbab0041A02_B12	Mus	44.800648681145304	12.211197105690193
Palomino__Muscadine_Plate3_G11	Vv	-27.927989190171782	39.76714709842245
Parent_SouthernHome__EXTvDNAWOR0033A07_D01	Mus	32.251173065503956	9.855655882833005
PI_247064__BIvDNAgut0035C11_E12	NA1	-4.7018282820336585	-37.04330686063343
PI_318684__BIvDNAgut0026C02_A11	NA1	-4.8257939148917295	-36.809345961479266
PI_483161__BIvDNAgut0032C08_A03	NA2	-5.586012493772058	-15.792690195112712
PI_483169__BIvDNAgut0032C08_B03	NA1	-5.015902361338779	-37.28447773509655
PI_588071__BIvDNAgut0027C03_B03	NA1	-4.987191175776707	-37.03031121469772
PI_588094__BIvDNAgut0028C04_B02	NA2	-5.596624387620049	-15.15268475703171
PI_588165__BIvDNAgut0026C02_H09	NA2	-5.590609392828413	-16.01791679031552
PI_588173__BIvDNAgut0027C03_F04	NA2	-6.358865655046364	-20.639277722001555
PI_588177__BIvDNAgut0026C02_F09	Vv	-27.64479108133038	38.0099313500408
PI_588197__BIvDNAgut0031C07_F05	NA2	-5.539348684232334	-19.13800783490978
PI_588213__BIvDNAgut0026C02_H01	NA1	-4.714203524393502	-36.853454422423
PI_588220__BIvDNAgut0031C07_E01	NA2	-7.2054929068980895	-20.75441644921948
PI_588260__BIvDNAgut0030C06_H10	NA1	-5.015211028186469	-36.812476333976065
PI_588271__BIvDNAgut0032C08_G04	NA1	-5.19551233316878	-38.88637368008975
PI_588341__BIvDNAgut0028C04_C05	NA2	-3.6843269184695644	-11.427598007671778
PI_588353__BIvDNAgut0031C07_D04	NA1	-4.571553572204346	-34.72973672641001
PI_588367__BIvDNAgut0028C04_H07	NA1	-4.899909549195234	-35.402786072594246
PI_588371__BIvDNAgut0031C07_G05	NA2	-4.850905095358177	-15.42299354724017
PI_588374__BIvDNAgut0030C06_F12	NA1	-5.049745250078879	-36.7197272080459
PI_588384__BIvDNAgut0035C11_B09	NA1	-4.620187293840278	-34.45638315328964
PI_588385__BIvDNAgut0035C11_A12	EA	-16.634400549404013	7.743421382206527
PI_588398__BIvDNAgut0039D03_C07	NA2	-6.376236942680832	-20.238283819277083
PI_588400__BIvDNAgut0031C07_D02	NA1	-5.513773103118349	-36.76201928279883
PI_588420__BIvDNAgut0037D01_D02	EA	-16.95755872308899	7.0491601759191385
PI_588420.d__BIvDNAgut0037D01_D06	EA	-17.49971004019333	7.883917169454133
PI_588440__BIvDNAgut0032C08_E05	NA1	-5.144500173940752	-36.65369179783332
PI_588448__BIvDNAgut0032C08_C11	NA1	-4.690911882115939	-35.34709492366018
PI_588460__BIvDNAgut0028C04_F04	NA2	-5.497415489191578	-15.636626987222863
PI_588460__BIvDNAgut0030C06_F06	NA2	-6.324637410697602	-19.954190207584855
PI_588460__BIvDNAgut0033C09_F09	NA2	-6.1730519481663775	-20.51292472071766
PI_588460__BIvDNAgut0037D01_G01	NA2	-6.467069790359634	-20.954680764858566
PI_588465__BIvDNAgut0034C10_E02	EA	-16.446923363432976	7.394085372329219
PI_588590.m__BIvDNAgut0037D01_C03	NA1	-4.946519281466036	-37.234039406095334
PI_588630__BIvDNAgut0033C09_A11	EA	-16.084975541137737	7.492961449910192
PI_588631__BIvDNAgut0033C09_H10	EA	-17.44309356449506	7.671045430270737
PI_588633__BIvDNAgut0034C10_E07	EA	-17.456672312987457	7.783562890581508
PI_588635__BIvDNAgut0034C10_A03	EA	-17.313706742022788	8.053630878035243
PI_588637__BIvDNAgut0034C10_G02	EA	-17.387192917746283	7.872815007706042
PI_588639__BIvDNAgut0034C10_F02	EA	-17.408273533303397	7.9677159695615005
PI_588641__BIvDNAgut0034C10_E08	EA	-17.48429816545319	7.7507219260661335
PI_588685__BIvDNAgut0039D03_F09	NA2	-5.905269593510699	-19.860154714340208
PI_588711__BIvDNAgut0034C10_H12	NA1	-5.047244612888533	-35.55130576298808
PI_594348__BIvDNAgut0035C11_G03	EA	-16.975937698255603	7.944634637100642
PI_597145__BIvDNAgut0028C04_D09	NA1	-4.953744611246228	-37.35177489935205
PI_597257__BIvDNAgut0034C10_G08	EA	-16.461418067426656	7.3465297257661195
PI_597292__BIvDNAgut0035C11_D03	EA	-16.68217256452934	8.173656079754828
PI_597296__BIvDNAgut0035C11_E03	EA	-17.10704353476237	8.506072370563082
PI_597297__BIvDNAgut0035C11_H01	EA	-17.005988377105393	7.8512862848730265
Pine_1__EXTvDNAbab0041A02_G04	Mus	46.272319325645896	12.604852427030934
Plate3_A12_1131__EXTvDNAmej0015A06_A12	Vv	-29.480909968183127	40.816962828029645
Plate3_A4_765__EXTvDNAmej0015A06_A04	Vv	-29.248856769678557	41.312665306239744
Plate4_E4_1479__EXTvDNAmej0016A07_E04	Vv	-29.602529163991395	40.746325032449704
Plate5_A5_452__EXTvDNAmej0017A08_A05	Vv	-29.671988546741392	40.996703134495974
Plate5_F12_1672__EXTvDNAmej0017A08_F12	Vv	-29.665975257872613	40.7165593856241
Plate6_G8_966__EXTvDNAmej0018A09_G08	Vv	-29.00768806818141	39.50614265327748
Plate7_E10_18__EXTvDNAmej0019A10_E10	Vv	-29.354523643567976	40.90450440345807
Plate7_F8_1936__EXTvDNAmej0019A10_F08	Vv	-29.279597344290718	41.12193288367065
Plate7_G12_730__EXTvDNAmej0019A10_G12	Vv	-29.5643271968081	41.159129380390475
Plate8_B3_906__EXTvDNAmej0020A11_B03	Vv	-30.03046313183003	42.06108595842128
Plate8_C10_999__EXTvDNAmej0020A11_C10	Vv	-30.17724230602421	41.78524660212472
Plate8_C3_118__EXTvDNAmej0020A11_C03	Vv	-30.04385290598201	42.28561007681165
Plate8_E3_1411__EXTvDNAmej0020A11_E03	Vv	-29.041986026593452	40.17960911662983
Plate8_G2_1434__EXTvDNAmej0020A11_G02	Vv	-29.903925691848585	41.201863634818594
Plate8_G6_1695__EXTvDNAmej0020A11_G06	Vv	-29.796904794385945	41.988573752272764
Plate9_H12_1309__EXTvDNAmej0021A12_H12	Vv	-30.06428061694809	42.04943557301379
ROTGe__EXTvDNAsca1439D04_A05	Mus	52.04803440741702	14.98308388262023
RS_44__EXTvDNAhau1398G06_A09	Vv	-28.13625600464443	38.90138463093899
S0302__vDNAhei1330F04_E04	NA2	-3.0352358850443597	-12.051993679259816
S0303__vDNAhei1330F04_F04	NA2	-3.4260493034208737	-11.792465010001216
S0511__vDNAhei1330F04_G07	NA2	-2.8379185883987965	-12.083623833911432
S0517__vDNAhei1330F04_C08	NA2	-2.800106411494106	-12.193370818584896
S0605__vDNAhei1330F04_G08	NA2	-5.170063066626465	-20.19856465884959
S0609__vDNAhei1330F04_B09	NA2	-6.36483402398279	-20.121474360532808
S0613__vDNAhei1330F04_E09	NA2	-6.244157280834268	-20.37127540692254
S0723__vDNAhei1330F04_G11	NA2	-6.155284479589862	-20.125330997694615
S1019__vDNAhei1331F05_G04	Mus	44.8155680601352	14.046697478946687
S1318__vDNAhei1332F06_C01	NA2	-5.031359502023617	-17.534785818968164
S1422__vDNAhei1332F06_F04	NA1	-3.973544818972901	-28.930466580448286
S1427__vDNAhei1332F06_C05	NA1	-4.692689020567122	-32.1452801565036
S1508__vDNAhei1332F06_F06	NA2	-3.0922468163486188	-16.016356214093854
S1509__vDNAhei1332F06_G06	NA2	-3.527669993387191	-16.587947735234987
S1606__vDNAhei1332F06_E09	NA2	-4.52398873129513	-15.796585395535702
S1611__vDNAhei1332F06_B10	NA2	-4.598309745256011	-17.54164459496369
S1620__vDNAhei1332F06_G10	NA2	-5.51095861861621	-14.93071874401073
S1714__vDNAhei1333F07_G01	NA2	-5.6365133601404205	-17.64499364466409
S1723__vDNAhei1333F07_H02	NA2	-4.367820611786776	-16.375234750102884
S1814__vDNAhei1333F07_A05	NA2	-5.040528588278504	-17.32898367939866
S1826__vDNAhei1333F07_E06	NA2	-6.046409245678078	-17.07554981742353
S1829__vDNAhei1333F07_H06	NA2	-4.710100751508576	-15.912439941499352
S1830__vDNAhei1333F07_A07	NA2	-1.5231273118515511	-14.588356770798457
S2204__vDNAhei1334F08_C03	NA2	-4.137526078189405	-15.081326730376476
S2206__vDNAhei1334F08_E03	NA2	-4.158803706262836	-13.10561605952642
S3212__vDNAhei1336F10_A03	NA2	-6.532154309101267	-17.716657141542946
S3405__vDNAhei1336F10_D06	NA2	-5.9614885754372375	-18.10903630832759
S3505__vDNAhei1336F10_C08	NA2	-6.140384075595294	-15.58172935029141
S3718__vDNAhei1336F10_F12	NA1	-3.860592249296769	-33.167097743163346
S3919__vDNAhei1337F11_E04	NA1	-4.666469674540267	-31.642191033093418
S5620__vDNAhei1339G01_H09	NA2	-3.766973531039623	-14.819157089599987
Sanalba__Muscadine_Plate1_H10	Mus	49.46542469550512	13.548083013429864
SC81__vDNAdia1622B02_C11	EA	-16.796293899237977	7.414737642201932
SC82__vDNAdia1622B02_D11	EA	-16.692671228496224	7.370129018692023
SC83__vDNAdia1622B02_E11	EA	-16.317087139353077	7.2641015806109115
SC84__vDNAdia1622B02_F11	EA	-16.581162599136967	7.648966537860234
SC85__vDNAdia1622B02_G11	EA	-16.488669968906848	7.485760582192833
SC86__vDNAdia1622B02_H11	EA	-16.51689538758668	7.618970630506329
SC87__vDNAdia1622B02_A12	EA	-16.37161698906658	7.6119028446990535
SC89__vDNAdia1622B02_C12	EA	-16.633400472974497	7.556755281090258
Scuppernong__Muscadine_Plate2_A01	Mus	48.64646710083591	13.325616961929171
Seyval_Blanc__vDNAhat906A05_D01	NA1	-5.02629384239126	-35.510383809163365
Sultanina.Monococo__EXTvDNAbar0006A01_C09	Vv	-27.356551755070385	38.18154015030927
Tarheel_02__EXTvDNAWOR0029A03_H10	Mus	48.19487521596816	13.78144447409774
Tarheel_03__EXTvDNAWOR0029A03_A11	Mus	47.043133859538955	13.274885380490682
Tarheel_14__EXTvDNAWOR0029A03_D12	Mus	12.062492334570816	3.0340530667526147
Tarheel_18__EXTvDNAWOR0029A03_G12	Mus	46.738627245894904	12.822019321386913
Tarheel_33__EXTvDNAWOR0030A04_A03	Mus	49.191653127891875	13.86996229205653
Tarheel_34__EXTvDNAWOR0030A04_B03	Mus	50.01419729014553	13.646713939690398
Tarheel_35__EXTvDNAWOR0030A04_C03	Mus	50.07916702486779	14.21075365570637
Tarheel_49__EXTvDNAWOR0030A04_A05	Mus	49.42249399305154	13.79417245834326
Tarheel_63__EXTvDNAWOR0030A04_G06	Mus	47.591479041410565	13.220807852469195
Tarheel_70__EXTvDNAWOR0030A04_E07	Mus	49.706150801679726	14.719604009926659
Tarheel_90__EXTvDNAWOR0030A04_E09	Mus	50.39899538157519	14.603306802950593
TEX1__EXTvDNAWOR0048A02_A01	Mus	47.04096688423154	12.667098744811758
Thomas__Muscadine_Plate1_E01	Mus	48.94818023781893	13.101470418038627
Unkx13_101_11__Screenhouse-Plate1_B01	NA1	-4.478706983376079	-36.453156856279705
Unkx13_101_20__Screenhouse-Plate1_D02	NA1	-4.523900120577526	-35.56873451102289
Unkx13_101_67__Screenhouse-Plate1_H06	NA1	-4.5834710409045165	-36.63836575494459
ValleyPearl__vDNAlon787A12_A01	Vv	-28.385702674891927	39.44952664744652
V_cinerea_B9__vDNArei050E02_E06	NA2	-6.517692314224865	-19.361234862970452
V_cinerea_B9__vDNArei092H08_H11	NA2	-6.264679877141054	-19.926266016149242
V_cinerea_B9__vDNArei092H08_H12	NA2	-6.03983679439754	-18.724014765996998
VIL3__EXTvDNAWOR0047A01_D11	Mus	47.370225292518924	12.978866755409681
VIL8__EXTvDNAWOR0047A01_E04	Mus	46.71315971312342	12.668760068141935
vin7__vDNAcad1516F07_B10	Vv	-23.447925396655066	34.427037842743424
VR37__vDNAfen1153A07_H02	NA1	-5.1908051899639895	-37.326457740009786
VR_C166__EXTvDNAsvy1639B09_C10	EA	-17.057838546146165	7.693348644059241
V_riparia37__vDNAfen136D04_G04	NA1	-4.8734657823044785	-37.150199448662335
VRW_003__vDNAfen201A01_D04	NA1	-3.3027499293549316	-28.65336187299591
Y126-212__BIvDNAnae0004A04_C01	Vv	-28.666135282573556	38.837710400743866
Y136-20-13__BIvDNAnae0002A02_H05	Vv	-29.41394742387125	40.64470425291077
Y213.003__BIvDNAnae0015B03_C01	NA1	-3.073910432701658	-28.868264575129
Y539-64__BIvDNAnae0003A03_G01	Vv	-29.34016031095414	40.20674724778364
YCY5__EXTvDNAWOR0048A02_D11	Mus	38.79443649914045	11.70521462991354
